[{"model": "blog.post", "pk": 1, "fields": {"title": "My Updated Post", "content": "My first updated post!\r\n\r\nThis is exciting!", "date_posted": "2020-03-31T22:12:57.776Z", "active": false, "featured": false, "slug": "my-updated-post", "readtime": "1 min read"}}, {"model": "blog.post", "pk": 2, "fields": {"title": "A Second Post", "content": "This is a post from a different user...", "date_posted": "2020-03-31T22:12:57.778Z", "active": false, "featured": false, "slug": "a-second-post", "readtime": "1 min read"}}, {"model": "blog.post", "pk": 3, "fields": {"title": "Top 5 Programming Lanaguages", "content": "Te melius apeirian postulant cum, labitur admodum cu eos! Tollit equidem constituto ut has. Et per ponderum sadipscing, eu vero dolores recusabo nec! Eum quas epicuri at, eam albucius phaedrum ad, no eum probo fierent singulis. Dicat corrumpit definiebas id usu, in facete scripserit eam.\r\n\r\nVim ei exerci nusquam. Agam detraxit an quo? Quo et partem bonorum sensibus, mutat minimum est ad. In paulo essent signiferumque his, quaestio sadipscing theophrastus ad has. Ancillae appareat qualisque ei has, usu ne assum zril disputationi, sed at gloriatur persequeris.", "date_posted": "2020-03-31T22:12:57.780Z", "active": false, "featured": false, "slug": "top-5-programming-lanaguages", "readtime": "1 min read"}}, {"model": "blog.post", "pk": 4, "fields": {"title": "Sublime Text Tips and Tricks", "content": "Ea vix dico modus voluptatibus, mel iudico suavitate iracundia eu. Tincidunt voluptatibus pro eu? Nulla omittam eligendi his ne, suas putant ut pri. Ullum repudiare at duo, ut cum habeo minim laudem, dicit libris antiopam has ut! Ex movet feugait mea, eu vim impetus nostrud cotidieque.\r\n\r\nEi suas similique quo, his simul viris congue ex? Graeci possit in est, ne qui minim delectus invenire. Mei ad error homero maluisset, tacimates assentior per in, vix ut vocent accusata! Mei eu inermis pericula patrioque? Debet denique sea at, ad cibo reformidans theophrastus per, cu inermis maiestatis vim!\r\n\r\nUt odio feugiat voluptua est, euismod volutpat qualisque at sit, has ex dicit ornatus inimicus! Eu ferri laoreet vel, dicat corrumpit dissentias nec in. Illum dissentiunt eam ei, praesent voluptatum pri in? Ius in inani petentium, hinc elitr vivendum an vis, in vero dolores electram ius?", "date_posted": "2020-03-31T22:12:57.781Z", "active": false, "featured": false, "slug": "sublime-text-tips-and-tricks", "readtime": "1 min read"}}, {"model": "blog.post", "pk": 5, "fields": {"title": "Best Python IDEs", "content": "Elit contentiones nam no, sea ut consul adipiscing. Etiam velit ei usu, sonet clita nonumy eu eum. Usu ea utroque facilisi, cu mel fugit tantas legimus, te vix quem nominavi. Prima deserunt evertitur ne qui, nam reprimique appellantur ne.", "date_posted": "2020-03-31T22:12:57.782Z", "active": false, "featured": false, "slug": "best-python-ides", "readtime": "1 min read"}}, {"model": "blog.post", "pk": 6, "fields": {"title": "Flask vs Django - Which Is Better?", "content": "Ei dicta apeirian deterruisset eam, cu offendit invenire pri, cu possim vivendo vix? Nam nihil evertitur ad, ne vim nonumy legendos iracundia. Vix nulla dolorem intellegebat ea? Te per vide paulo dolor, eum ea erant placerat constituam? Dolores accumsan eum at.\r\n\r\nInteresset consequuntur id vix. Eam id decore latine, iusto imperdiet ei qui. In ludus consul reformidans eam. Nec in recusabo posidonium, cu tantas volumus mnesarchum pro. Nam ut docendi evertitur, possim menandri persecuti ne sed, cum saepe ornatus delenit ei?\r\n\r\nIn mel debet aliquam. In his etiam legere, doming nominavi consetetur has ad, decore reprimique ea usu. Eam magna graeci suavitate cu, facete delenit cum ne. Ponderum evertitur tincidunt ei mel, ius ei stet euismod docendi.", "date_posted": "2020-03-31T22:12:57.784Z", "active": false, "featured": false, "slug": "flask-vs-django-which-is-better", "readtime": "1 min read"}}, {"model": "blog.post", "pk": 7, "fields": {"title": "You Won't Believe These Clickbait Titles!", "content": "Cu justo honestatis mel, pro ei appareat mediocrem suavitate. No his omnis ridens. Ludus ornatus voluptatum mei ut, an mentitum noluisse forensibus cum. Eam affert pertinax consequuntur ei, nisl zril meliore te vis? Ad animal persius concludaturque vix, eu graece audiam mel.\r\n\r\nVitae libris mentitum pri in. Cu rebum veritus sea, ex usu consul dolorum, pro tale maluisset consulatu ut. Quo ad clita persius ancillae. Vel illud blandit at, vel eu hinc graeco, usu doctus praesent ea! Vim rebum deserunt ex.\r\n\r\nIus lorem omittam id, est suavitate definitionem ad! Id vim insolens tacimates, pri at decore causae. Ex duo bonorum repudiandae? Vix no vidit facete impedit. An oportere indoctum eam.", "date_posted": "2020-03-31T22:12:57.785Z", "active": false, "featured": false, "slug": "you-wont-believe-these-clickbait-titles", "readtime": "1 min read"}}, {"model": "blog.post", "pk": 8, "fields": {"title": "These Beers Will Improve Your Programming", "content": "Sanctus senserit vis id, ut eum iuvaret invidunt constituam? Nonumes facilis mei an, ad elit explicari persequeris pri, dico recusabo quo id? At mea lorem repudiandae. Sed causae sensibus forensibus ea, ne ornatus suscipiantur consectetuer mel, affert nostro nominati cu qui. Te sanctus constituto est, corrumpit pertinacia eos et, mei libris persequeris an.\r\n\r\nQuo fuisset sensibus in. Ad est assueverit adversarium, viris aperiri numquam est ad. Pro mediocrem iudicabit ei! Cu aperiam diceret sit.", "date_posted": "2020-03-31T22:12:57Z", "active": false, "featured": false, "slug": "these-beers-will-improve-your-programming", "readtime": "1 min read"}}, {"model": "blog.post", "pk": 9, "fields": {"title": "List of PyCon 2018 Talks", "content": "Has ea verear adolescens, elit justo constituam duo in, vix an copiosae contentiones. Eos persius consequuntur no, esse percipit cum ea, per modus harum praesent at. Et clita delenit luptatum usu? No cum interpretaris concludaturque. Congue pertinax ea mea.\r\n\r\nBrute iracundia philosophia ei quo, nam at adhuc idque, ex dolor homero mei. No mea affert tacimates pertinacia, in maluisset dissentias consectetuer mei, vel no aliquam splendide. In has nobis vocent adipisci? Pri clita delicata in, iusto viris scripserit vim in? Sit in lorem complectitur. Sanctus eloquentiam eum ut, et sumo apeirian mea? Vim te affert populo voluptaria, utinam consul ad duo.", "date_posted": "2020-03-31T22:12:57.789Z", "active": false, "featured": false, "slug": "list-of-pycon-2018-talks", "readtime": "1 min read"}}, {"model": "blog.post", "pk": 10, "fields": {"title": "How Dogs in the Workplace Boosts Productivity", "content": "Has ea verear adolescens, elit justo constituam duo in, vix an copiosae contentiones. Eos persius consequuntur no, esse percipit cum ea, per modus harum praesent at. Et clita delenit luptatum usu? No cum interpretaris concludaturque. Congue pertinax ea mea.\r\n\r\nBrute iracundia philosophia ei quo, nam at adhuc idque, ex dolor homero mei. No mea affert tacimates pertinacia, in maluisset dissentias consectetuer mei, vel no aliquam splendide. In has nobis vocent adipisci? Pri clita delicata in, iusto viris scripserit vim in? Sit in lorem complectitur. Sanctus eloquentiam eum ut, et sumo apeirian mea? Vim te affert populo voluptaria, utinam consul ad duo.", "date_posted": "2020-03-31T22:12:57.790Z", "active": false, "featured": false, "slug": "how-dogs-in-the-workplace-boosts-productivity", "readtime": "1 min read"}}, {"model": "blog.post", "pk": 11, "fields": {"title": "The Best Programming Podcasts", "content": "Vidisse malorum platonem vel no. Persecuti adversarium ut sit, quo et stet velit mundi! Id per homero expetenda. Est brute adipisci et!\r\n\r\nLorem aliquip has in, quo debet ceteros sadipscing ne! An sea odio ornatus inermis, an per ipsum persecuti dissentiunt, no mea bonorum pertinacia delicatissimi? Ne sumo diceret mea, percipit repudiare eam no! Pro et lorem accommodare. At eius novum phaedrum mei?\r\n\r\nIgnota conclusionemque mei no, eam ut munere fierent pertinacia. Ea enim insolens gloriatur duo, quis vituperatoribus pro no! Ei sed bonorum reprehendunt, aliquam nominavi his et. Magna decore referrentur id nec. Cum rebum ludus inimicus no, id cum iusto labores maluisset!\r\n\r\nQui no omnis numquam apeirian, et vide interesset cum? Et nec nulla signiferumque. Enim instructior eos ei, solum tollit phaedrum his in? No vix malorum ornatus, cu quo hinc everti iracundia, essent eruditi efficiendi ut nam. Altera saperet usu eu, errem expetenda cu duo. Has dolor splendide et, no mel cibo ancillae voluptatum, mutat antiopam deterruisset ei qui. Dolores scripserit concludaturque est id, ea animal facilisi splendide qui, quo at animal voluptua instructior.\r\n\r\nMeis voluptatum eu eum.", "date_posted": "2020-03-31T22:12:57.792Z", "active": false, "featured": false, "slug": "the-best-programming-podcasts", "readtime": "1 min read"}}, {"model": "blog.post", "pk": 13, "fields": {"title": "Best Programmers Throughout History", "content": "Mel nulla legimus senserit id. Vim purto tractatos in, te vix error regione, erant laudem legere an vel. Falli fierent ius ex! In legere iriure est, id vis prima maluisset, purto numquam inimicus ut eos! In duo antiopam salutatus, an vel quodsi virtute definitiones.\r\n\r\nEst te sumo voluptaria, ius no putant argumentum, alienum ocurreret vim cu? Volumus democritum no vel, virtute commune an est. Vel te propriae lobortis rationibus, no eum odio neglegentur? Duo an sumo ignota latine! Nec mazim aperiam percipitur eu, id his dicit omnium.\r\nMel nulla legimus senserit id. Vim purto tractatos in, te vix error regione, erant laudem legere an vel. Falli fierent ius ex! In legere iriure est, id vis prima maluisset, purto numquam inimicus ut eos! In duo antiopam salutatus, an vel quodsi virtute definitiones.\r\nMel nulla legimus senserit id. Vim purto tractatos in, te vix error regione, erant laudem legere an vel. Falli fierent ius ex! In legere iriure est, id vis prima maluisset, purto numquam inimicus ut eos! In duo antiopam salutatus, an vel quodsi virtute definitiones.\r\n\r\nEst te sumo voluptaria, ius no putant argumentum, alienum ocurreret vim cu? Volumus democritum no vel, virtute commune an est. Vel te propriae lobortis rationibus, no eum odio neglegentur? Duo an sumo ignota latine! Nec mazim aperiam percipitur eu, id his dicit omnium.Mel nulla legimus senserit id. Vim purto tractatos in, te vix error regione, erant laudem legere an vel. Falli fierent ius ex! In legere iriure est, id vis prima maluisset, purto numquam inimicus ut eos! In duo antiopam salutatus, an vel quodsi virtute definitiones.\r\n\r\nEst te sumo voluptaria, ius no putant argumentum, alienum ocurreret vim cu? Volumus democritum no vel, virtute commune an est. Vel te propriae lobortis rationibus, no eum odio neglegentur? Duo an sumo ignota latine! Nec mazim aperiam percipitur eu, id his dicit omnium.Mel nulla legimus senserit id. Vim purto tractatos in, te vix error regione, erant laudem legere an vel. Falli fierent ius ex! In legere iriure est, id vis prima maluisset, purto numquam inimicus ut eos! In duo antiopam salutatus, an vel quodsi virtute definitiones.\r\n\r\nEst te sumo voluptaria, ius no putant argumentum, alienum ocurreret vim cu? Volumus democritum no vel, virtute commune an est. Vel te propriae lobortis rationibus, no eum odio neglegentur? Duo an sumo ignota latine! Nec mazim aperiam percipitur eu, id his dicit omnium.Mel nulla legimus senserit id. Vim purto tractatos in, te vix error regione, erant laudem legere an vel. Falli fierent ius ex! In legere iriure est, id vis prima maluisset, purto numquam inimicus ut eos! In duo antiopam salutatus, an vel quodsi virtute definitiones.\r\n\r\nEst te sumo voluptaria, ius no putant argumentum, alienum ocurreret vim cu? Volumus democritum no vel, virtute commune an est. Vel te propriae lobortis rationibus, no eum odio neglegentur? Duo an sumo ignota latine! Nec mazim aperiam percipitur eu, id his dicit omnium.Mel nulla legimus senserit id. Vim purto tractatos in, te vix error regione, erant laudem legere an vel. Falli fierent ius ex! In legere iriure est, id vis prima maluisset, purto numquam inimicus ut eos! In duo antiopam salutatus, an vel quodsi virtute definitiones.\r\n\r\nEst te sumo voluptaria, ius no putant argumentum, alienum ocurreret vim cu? Volumus democritum no vel, virtute commune an est. Vel te propriae lobortis rationibus, no eum odio neglegentur? Duo an sumo ignota latine! Nec mazim aperiam percipitur eu, id his dicit omnium.Mel nulla legimus senserit id. Vim purto tractatos in, te vix error regione, erant laudem legere an vel. Falli fierent ius ex! In legere iriure est, id vis prima maluisset, purto numquam inimicus ut eos! In duo antiopam salutatus, an vel quodsi virtute definitiones.\r\n\r\nEst te sumo voluptaria, ius no putant argumentum, alienum ocurreret vim cu? Volumus democritum no vel, virtute commune an est. Vel te propriae lobortis rationibus, no eum odio neglegentur? Duo an sumo ignota latine! Nec mazim aperiam percipitur eu, id his dicit omnium.Mel nulla legimus senserit id. Vim purto tractatos in, te vix error regione, erant laudem legere an vel. Falli fierent ius ex! In legere iriure est, id vis prima maluisset, purto numquam inimicus ut eos! In duo antiopam salutatus, an vel quodsi virtute definitiones.\r\n\r\nEst te sumo voluptaria, ius no putant argumentum, alienum ocurreret vim cu? Volumus democritum no vel, virtute commune an est. Vel te propriae lobortis rationibus, no eum odio neglegentur? Duo an sumo ignota latine! Nec mazim aperiam percipitur eu, id his dicit omnium.Mel nulla legimus senserit id. Vim purto tractatos in, te vix error regione, erant laudem legere an vel. Falli fierent ius ex! In legere iriure est, id vis prima maluisset, purto numquam inimicus ut eos! In duo antiopam salutatus, an vel quodsi virtute definitiones.\r\n\r\nEst te sumo voluptaria, ius no putant argumentum, alienum ocurreret vim cu? Volumus democritum no vel, virtute commune an est. Vel te propriae lobortis rationibus, no eum odio neglegentur? Duo an sumo ignota latine! Nec mazim aperiam percipitur eu, id his dicit omnium.\r\n\r\nEst te sumo voluptaria, ius no putant argumentum, alienum ocurreret vim cu? Volumus democritum no vel, virtute commune an est. Vel te propriae lobortis rationibus, no eum odio neglegentur? Duo an sumo ignota latine! Nec mazim aperiam percipitur eu, id his dicit omnium.Mel nulla legimus senserit id. Vim purto tractatos in, te vix error regione, erant laudem legere an vel. Falli fierent ius ex! In legere iriure est, id vis prima maluisset, purto numquam inimicus ut eos! In duo antiopam salutatus, an vel quodsi virtute definitiones.\r\n\r\nEst te sumo voluptaria, ius no putant argumentum, alienum ocurreret vim cu? Volumus democritum no vel, virtute commune an est. Vel te propriae lobortis rationibus, no eum odio neglegentur? Duo an sumo ignota latine! Nec mazim aperiam percipitur eu, id his dicit omnium.\r\nMel nulla legimus senserit id. Vim purto tractatos in, te vix error regione, erant laudem legere an vel. Falli fierent ius ex! In legere iriure est, id vis prima maluisset, purto numquam inimicus ut eos! In duo antiopam salutatus, an vel quodsi virtute definitiones.\r\n\r\nEst te sumo voluptaria, ius no putant argumentum, alienum ocurreret vim cu? Volumus democritum no vel, virtute commune an est. Vel te propriae lobortis rationibus, no eum odio neglegentur? Duo an sumo ignota latine! Nec mazim aperiam percipitur eu, id his dicit omnium.", "date_posted": "2020-03-31T22:12:57Z", "active": false, "featured": false, "slug": "best-programmers-throughout-history", "readtime": "4 min read"}}, {"model": "blog.post", "pk": 14, "fields": {"title": "How To Create A YouTube Channel", "content": "Sit et novum omnes. Nec ea quas minim tractatos, usu in aperiam mentitum necessitatibus, ut omnis equidem moderatius quo. Eos ad putent aeterno praesent. Eos omnium similique id, his accommodare philosophia at. Causae lucilius similique in mea, ut regione tritani voluptatibus mel! At possim offendit eum, aeque denique prodesset pro te?\r\n\r\nAt pro quem laudem. Et agam democritum eos? Ea quod probatus usu, no ferri fabulas cotidieque mei? Numquam nusquam quo in, quo et molestiae complectitur. Nihil semper ei qui.\r\n\r\nModo omnes forensibus duo ex, te est diceret bonorum labores! Magna ponderum eos ea. Cu vim diceret mnesarchum, graeci periculis in vis. Est no iriure suavitate!", "date_posted": "2020-03-31T22:12:57.796Z", "active": false, "featured": false, "slug": "how-to-create-a-youtube-channel", "readtime": "1 min read"}}, {"model": "blog.post", "pk": 16, "fields": {"title": "Python and Physics", "content": "Agam mediocritatem sed ex, fabellas recusabo dissentias vix te. No principes consequat inciderint pri, ea mundi affert persecuti mea, ne usu veri regione nostrum! An tibique dissentiet referrentur pro, ridens temporibus eu est! Ius ne omnes affert rationibus, ut detraxit qualisque usu. Accusamus reformidans sea id?\r\n\r\nEu aliquip gloriatur mei. Qui ad sint scripserit? Te instructior definitiones mel, sale mutat everti at his. Ea mea quot recusabo philosophia. Et nam quod adipisci, quo atqui appetere recusabo id, detraxit inimicus vim.", "date_posted": "2020-03-31T22:12:57.799Z", "active": false, "featured": false, "slug": "python-and-physics", "readtime": "1 min read"}}, {"model": "blog.post", "pk": 17, "fields": {"title": "Just A Few More Healines Should Do It", "content": "Duo at tibique commune vulputate, ex facilis tacimates disputationi mei. Mel eu inani prompta labores! Audire omnesque offendit ex eos. An ferri accusata his, vel agam habeo maiestatis ex, eam mutat iisque concludaturque ut. Ut tamquam minimum partiendo vim. An nam vidit doming graecis.\r\n\r\nSingulis abhorreant his in, et altera audiam feugiat mei. Pri eius dolor persequeris id! Nam ea dolorem expetendis, idque everti suscipit qui te, noster repudiare dignissim per ex? No vim iriure tibique comprehensam, per utamur consequat.", "date_posted": "2020-03-31T22:12:57.800Z", "active": false, "featured": false, "slug": "just-a-few-more-healines-should-do-it", "readtime": "1 min read"}}, {"model": "blog.post", "pk": 18, "fields": {"title": "Music To Listen To While Coding", "content": "Feugait reprimique eu mel, te eum dico electram. Nam no nemore cotidieque. Vim cu suas atqui dicunt. Id labitur dissentiunt per, ignota maiorum pri no? Clita altera sanctus ex his!\r\n\r\nAt alia electram reprehendunt eam, sea te volumus quaestio. Commodo voluptua senserit ius ne, eu enim disputationi eam? Id pri omnium blandit, nullam denique nec no? Sapientem vituperata sit et, nisl facilisis periculis in est. Elaboraret accommodare id vel? Cibo eripuit ut has, sed cu liber invidunt.\r\n\r\nEi pro vide quas dolorum, sea no fugit sanctus neglegentur. Sit feugait disputationi ne. Id diceret periculis nec, sint nonumes in sea, cum.", "date_posted": "2020-03-31T22:12:57.802Z", "active": false, "featured": false, "slug": "music-to-listen-to-while-coding", "readtime": "1 min read"}}, {"model": "blog.post", "pk": 19, "fields": {"title": "5 Tips for Writing Catchy Headlines", "content": "Ea homero possit epicuri est, debitis docendi tacimates cu duo? Ad lorem cetero disputando pri, veniam eruditi tacimates per te.", "date_posted": "2020-03-31T22:12:57Z", "active": false, "featured": false, "slug": "5-tips-for-writing-catchy-headlines", "readtime": "1 min read"}}, {"model": "blog.post", "pk": 20, "fields": {"title": "The Rise of Data Science", "content": "Per omittam placerat at. Eius aeque ei mei. Usu ex partiendo salutandi. Pro illud placerat molestiae ex, habeo vidisse voluptatum cu vel, efficiendi accommodare eum ea! Ne has case minimum facilisis, pertinax efficiendi eu vel!\r\n\r\nEt movet semper assueverit his. Mei at liber vitae. Vix et periculis definiebas, vero falli.", "date_posted": "2020-03-31T22:12:57.805Z", "active": false, "featured": false, "slug": "the-rise-of-data-science", "readtime": "1 min read"}}, {"model": "blog.post", "pk": 21, "fields": {"title": "Best Videos For Learning Python", "content": "Mei ei mazim dicunt feugait? Ludus mandamus ne est, per ne iusto facilisis moderatius! Has agam utamur ad! Ius reque aeterno cu, fabellas facilisi repudiare eu sit, te cibo convenire similique est. Ea cum viderer imperdiet liberavisse.\r\n\r\nPro minim iuvaret ad. No nam ornatus principes euripidis, at sale vituperatoribus eos, eros regione scripserit id mea. Has ne inermis nostrum, quo tantas melius dissentias at! Ut vim tibique omnesque. An mel modo ponderum, eum at probo appetere imperdiet? Natum quaeque intellegebat per ex. Cu viris clita sit?\r\n\r\nReque menandri dissentias sed ne, no tota nonumes eos, vix in tempor maiestatis erant.", "date_posted": "2020-03-31T22:12:57.806Z", "active": false, "featured": false, "slug": "best-videos-for-learning-python", "readtime": "1 min read"}}, {"model": "blog.post", "pk": 22, "fields": {"title": "Top 10 Python Tips and Tricks", "content": "<p>Pro minim iuvaret ad. No nam ornatus principes euripidis, at sale vituperatoribus eos, eros regione scripserit id mea. Has ne inermis nostrum, quo tantas melius dissentias at! Ut vim tibique omnesque. An mel modo ponderum, eum at probo appetere imperdiet? Natum quaeque intellegebat per ex. Cu viris clita sit? Reque menandri dissentias sed ne, no tota nonumes eos, vix in tempor maiestatis erant.</p>\r\n\r\n<p>Pro minim iuvaret ad. No nam ornatus principes euripidis, at sale vituperatoribus eos, eros regione scripserit id mea. Has ne inermis nostrum, quo tantas melius dissentias at! Ut vim tibique omnesque. An mel modo ponderum, eum at probo appetere imperdiet? Natum quaeque intellegebat per ex. Cu viris clita sit? Reque menandri dissentias sed ne, no tota nonumes eos, vix in tempor maiestatis erant.Pro minim iuvaret ad. No nam ornatus principes euripidis, at sale vituperatoribus eos, eros regione scripserit id mea. Has ne inermis nostrum, quo tantas melius dissentias at! Ut vim tibique omnesque. An mel modo ponderum, eum at probo appetere imperdiet? Natum quaeque intellegebat per ex. Cu viris clita sit? Reque menandri dissentias sed ne, no tota nonumes eos, vix in tempor maiestatis erant.Pro minim iuvaret ad. No nam ornatus principes euripidis, at sale vituperatoribus eos, eros regione scripserit id mea. Has ne inermis nostrum, quo tantas melius dissentias at! Ut vim tibique omnesque. An mel modo ponderum, eum at probo appetere imperdiet? Natum quaeque intellegebat per ex. Cu viris clita sit? Reque menandri dissentias sed ne, no tota nonumes eos, vix in tempor maiestatis erant.Pro minim iuvaret ad. No nam ornatus principes euripidis, at sale vituperatoribus eos, eros regione scripserit id mea. Has ne inermis nostrum, quo tantas melius dissentias at! Ut vim tibique omnesque. An mel modo ponderum, eum at probo appetere imperdiet? Natum quaeque intellegebat per ex. Cu viris clita sit? Reque menandri dissentias sed ne, no tota nonumes eos, vix in tempor maiestatis erant.Pro minim iuvaret ad. No nam ornatus principes euripidis, at sale vituperatoribus eos, eros regione scripserit id mea. Has ne inermis nostrum, quo tantas melius dissentias at! Ut vim tibique omnesque. An mel modo ponderum, eum at probo appetere imperdiet? Natum quaeque intellegebat per ex. Cu viris clita sit? Reque menandri dissentias sed ne, no tota nonumes eos, vix in tempor maiestatis erant.Pro minim iuvaret ad. No nam ornatus principes euripidis, at sale vituperatoribus eos, eros regione scripserit id mea. Has ne inermis nostrum, quo tantas melius dissentias at! Ut vim tibique omnesque. An mel modo ponderum, eum at probo appetere imperdiet? Natum quaeque intellegebat per ex. Cu viris clita sit? Reque menandri dissentias sed ne, no tota nonumes eos, vix in tempor maiestatis erant.Pro minim iuvaret ad. No nam ornatus principes euripidis, at sale vituperatoribus eos, eros regione scripserit id mea. Has ne inermis nostrum, quo tantas melius dissentias at! Ut vim tibique omnesque. An mel modo ponderum, eum at probo appetere imperdiet? Natum quaeque intellegebat per ex. Cu viris clita sit? Reque menandri dissentias sed ne, no tota nonumes eos, vix in tempor maiestatis erant.Pro minim iuvaret ad. No nam ornatus principes euripidis, at sale vituperatoribus eos, eros regione scripserit id mea. Has ne inermis nostrum, quo tantas melius dissentias at! Ut vim tibique omnesque. An mel modo ponderum, eum at probo appetere imperdiet? Natum quaeque intellegebat per ex. Cu viris clita sit? Reque menandri dissentias sed ne, no tota nonumes eos, vix in tempor maiestatis erant.Pro minim iuvaret ad. No nam ornatus principes euripidis, at sale vituperatoribus eos, eros regione scripserit id mea. Has ne inermis nostrum, quo tantas melius dissentias at! Ut vim tibique omnesque. An mel modo ponderum, eum at probo appetere imperdiet? Natum quaeque intellegebat per ex. Cu viris clita sit? Reque menandri dissentias sed ne, no tota nonumes eos, vix in tempor maiestatis erant.Pro minim iuvaret ad. No nam ornatus principes euripidis, at sale vituperatoribus eos, eros regione scripserit id mea. Has ne inermis nostrum, quo tantas melius dissentias at! Ut vim tibique omnesque. An mel modo ponderum, eum at probo appetere imperdiet? Natum quaeque intellegebat per ex. Cu viris clita sit? Reque menandri dissentias sed ne, no tota nonumes eos, vix in tempor maiestatis erant.Pro minim iuvaret ad. No nam ornatus principes euripidis, at sale vituperatoribus eos, eros regione scripserit id mea. Has ne inermis nostrum, quo tantas melius dissentias at! Ut vim tibique omnesque. An mel modo ponderum, eum at probo appetere imperdiet? Natum quaeque intellegebat per ex. Cu viris clita sit? Reque menandri dissentias sed ne, no tota nonumes eos, vix in tempor maiestatis erant.Pro minim iuvaret ad. No nam ornatus principes euripidis, at sale vituperatoribus eos, eros regione scripserit id mea. Has ne inermis nostrum, quo tantas melius dissentias at! Ut vim tibique omnesque. An mel modo ponderum, eum at probo appetere imperdiet? Natum quaeque intellegebat per ex. Cu viris clita sit? Reque menandri dissentias sed ne, no tota nonumes eos, vix in tempor maiestatis erant.Pro minim iuvaret ad. No nam ornatus principes euripidis, at sale vituperatoribus eos, eros regione scripserit id mea. Has ne inermis nostrum, quo tantas melius dissentias at! Ut vim tibique omnesque. An mel modo ponderum, eum at probo appetere imperdiet? Natum quaeque intellegebat per ex. Cu viris clita sit? Reque menandri dissentias sed ne, no tota nonumes eos, vix in tempor maiestatis erant.Pro minim iuvaret ad. No nam ornatus principes euripidis, at sale vituperatoribus eos, eros regione scripserit id mea. Has ne inermis nostrum, quo tantas melius dissentias at! Ut vim tibique omnesque. An mel modo ponderum, eum at probo appetere imperdiet? Natum quaeque intellegebat per ex. Cu viris clita sit? Reque menandri dissentias sed ne, no tota nonumes eos, vix in tempor maiestatis erant.Pro minim iuvaret ad. No nam ornatus principes euripidis, at sale vituperatoribus eos, eros regione scripserit id mea. Has ne inermis nostrum, quo tantas melius dissentias at! Ut vim tibique omnesque. An mel modo ponderum, eum at probo appetere imperdiet? Natum quaeque intellegebat per ex. Cu viris clita sit? Reque menandri dissentias sed ne, no tota nonumes eos, vix in tempor maiestatis erant.</p>", "date_posted": "2020-03-31T22:12:57.808Z", "active": false, "featured": false, "slug": "top-10-python-tips-and-tricks", "readtime": "4 min read"}}, {"model": "blog.post", "pk": 23, "fields": {"title": "Top 5 YouTube Channels For Learning Programming", "content": "Quo inani quando ea, mel an vide adversarium suscipiantur. Et dicunt eleifend splendide pro. Nibh animal dolorem vim ex, nec te agam referrentur. Usu admodum ocurreret ne.\r\n\r\nEt dico audire cotidieque sed, cibo latine ut has, an case magna alienum.", "date_posted": "2020-03-31T22:12:57Z", "active": false, "featured": false, "slug": "top-5-youtube-channels-for-learning-programming", "readtime": "1 min read"}}, {"model": "blog.post", "pk": 24, "fields": {"title": "My Latest Updated Post", "content": "Erat expetenda definitionem id eos. Semper suscipit eum ut, eum ex nemore copiosae. Nam probatus pertinacia eu! No alii voluptua abhorreant nec, te pro impedit concludaturque, in sea malis torquatos disputationi! Nam te alii nobis ponderum, ei fugit accusamus pro.\r\n\r\nCongue salutandi ex eam! Mei an prima consulatu, erat detracto eu quo? Vim ea esse utinam efficiantur, at noster dicunt.", "date_posted": "2020-03-31T22:12:57Z", "active": false, "featured": false, "slug": "my-latest-updated-post", "readtime": "1 min read"}}, {"model": "blog.post", "pk": 27, "fields": {"title": "3-D Printed Computer", "content": "<p>asd</p>\r\n\r\n<pre>\r\n<code class=\"language-cpp\">Here is a short code snippet\r\n\r\ndef helloworld:\r\n</code></pre>", "date_posted": "2020-09-01T00:54:13Z", "active": false, "featured": false, "slug": "3-d-printed-computer", "readtime": "1 min read"}}, {"model": "projects.project", "pk": 2, "fields": {"title": "asd", "description": "asd", "content": "asd", "thumbnail": "", "date_posted": "2020-04-03T04:16:00Z", "active": false, "featured": false, "slug": "asd-4"}}, {"model": "projects.project", "pk": 3, "fields": {"title": "asd", "description": "asd", "content": "asd", "thumbnail": "", "date_posted": "2020-04-03T04:18:21Z", "active": false, "featured": false, "slug": "asd-3"}}, {"model": "projects.project", "pk": 4, "fields": {"title": "3-D Printed Computer", "description": "ITX Computer Build Inside of a 3D Printed Case", "content": "Here is my 3D printed Computer!", "thumbnail": "", "date_posted": "2020-04-03T04:19:36Z", "active": false, "featured": false, "slug": "3-d-printed-computer"}}, {"model": "projects.project", "pk": 5, "fields": {"title": "re:3D Touchscreen Display", "description": "created a touchscreen for a 3D printer", "content": "Created a touchscreen from scratch", "thumbnail": "", "date_posted": "2020-04-04T01:28:50Z", "active": false, "featured": false, "slug": "re3d-touchscreen-display"}}, {"model": "projects.project", "pk": 7, "fields": {"title": "asd", "description": "asd", "content": "asd", "thumbnail": "", "date_posted": "2020-04-04T03:03:49Z", "active": false, "featured": false, "slug": "asd"}}, {"model": "projects.project", "pk": 8, "fields": {"title": "asd", "description": "asd", "content": "asd", "thumbnail": "", "date_posted": "2020-04-04T03:04:46Z", "active": false, "featured": false, "slug": "asd-2a"}}, {"model": "projects.project", "pk": 10, "fields": {"title": "My First PRoject", "description": "Lets try this again", "content": "content is here", "thumbnail": "", "date_posted": "2020-08-29T18:04:54Z", "active": false, "featured": false, "slug": "my-first-project-2"}}, {"model": "projects.project", "pk": 11, "fields": {"title": "This is my Second Project!", "description": "This article will be about my second project that I have ever done.", "content": "<h2 style=\"font-style:italic\">Hello World</h2>\r\n\r\n<p>This rich text editor that i added is sweet!<br />\r\nYou can do all sorts of fancy things.&nbsp;</p>\r\n\r\n<p>I hope you can easily add inline photos.&nbsp;</p>\r\n\r\n<p><strong>Big Dick Bag!</strong></p>", "thumbnail": "", "date_posted": "2020-08-30T17:46:01.038Z", "active": false, "featured": false, "slug": "this-is-my-second-project"}}, {"model": "projects.project", "pk": 12, "fields": {"title": "New Bike", "description": "Testing image upload", "content": "<p>This is anmu new bike&nbsp;</p>\r\n\r\n<p>&nbsp;</p>", "thumbnail": "project_thumbnails/Screen_Shot_2020-06-22_at_11.53.40_PM.png", "date_posted": "2020-08-30T19:22:05Z", "active": true, "featured": false, "slug": "new-bike"}}, {"model": "projects.project", "pk": 13, "fields": {"title": "Testing out My new Post form with Image support", "description": "New blog image support", "content": "<p>Here is a asdjiaosdj gereat example of an image inline with the text and it is really well done.&nbsp;<img alt=\"\" height=\"168\" src=\"/media/uploads/2020/08/30/screen-shot-2020-08-08-at-94123-am.png\" style=\"float:right\" width=\"299\" /></p>\r\n\r\n<p>It has been exactly 3 years since I wrote my first blog series entitled &ldquo;Flavorful Tuscany&rdquo;, but starting it was definitely not easy. Back then, I didn&rsquo;t know much about blogging, let alone think that one day it could become <strong>my full-time job</strong>. Even though I had many recipes and food-related stories to tell, it never crossed my mind that I could be sharing them with the whole world</p>\r\n\r\n<p>I am now a <strong>full-time blogger</strong> and the curator of the <a href=\"https://ckeditor.com/ckeditor-4/#\">Simply delicious newsletter</a>, sharing stories about traveling and cooking, as well as tips on how to run a successful blog.</p>\r\n\r\n<p>If you are tempted by the idea of creating your own blog, please think about the following:</p>\r\n\r\n<ul>\r\n\t<li>Your story (what do you want to tell your audience)</li>\r\n\t<li>Your audience (who do you write for)</li>\r\n\t<li>Your blog name and design</li>\r\n</ul>", "thumbnail": "project_thumbnails/IMG_8548_ba4cHAk.jpg", "date_posted": "2020-08-30T19:31:32Z", "active": false, "featured": false, "slug": "testing-out-my-new-post-form-with-image-support"}}, {"model": "projects.project", "pk": 14, "fields": {"title": "Django Website Revamp Edited", "description": "This is my new Website", "content": "<p>It has been exactly 3 years since I wrote my first blog series entitled &ldquo;Flavorful Tuscany&rdquo;, but starting it was definitely not easy. Back then, I didn&rsquo;t know much about blogging, let alone think that one day it could become <strong>my full-time job</strong>. Even though I had many recipes and food-related stories to tell, it never crossed my mind that I could be sharing them with the whole world</p>\r\n\r\n<p>I am now a <strong>full-time blogger</strong> and the curator of the <a href=\"https://ckeditor.com/ckeditor-4/#\">Simply delicious newsletter</a>, sharing stories about traveling and cooking, as well as tips on how to run a successful blog.</p>\r\n\r\n<p>If you are tempted by the idea of creating your own blog, please think about the following:</p>\r\n\r\n<ul>\r\n\t<li>Your story (what do you want to tell your audience)</li>\r\n\t<li>Your audience (who do you write for)</li>\r\n\t<li>Your blog name and design\r\n\t<p><img alt=\"\" height=\"200\" src=\"/media/uploads/2020/08/30/screen-shot-2020-08-08-at-94123-am_nuDCnhP.png\" style=\"float:right\" width=\"357\" />It has been exactly 3 years since I wrote my first blog series entitled &ldquo;Flavorful Tuscany&rdquo;, but starting it was definitely not easy. Back then, I didn&rsquo;t know much about blogging, let alone think that one day it could become <strong>my full-time job</strong>. Even though I had many recipes and food-related stories to tell, it never crossed my mind that I could be sharing them with the whole world</p>\r\n\r\n\t<p>I am now a <strong>full-time blogger</strong> and the curator of the <a href=\"https://ckeditor.com/ckeditor-4/#\">Simply delicious newsletter</a>, sharing stories about traveling and cooking, as well as tips on how to run a successful blog.</p>\r\n\r\n\t<p>If you are tempted by the idea of creating your own blog, please think about the following:</p>\r\n\t</li>\r\n\t<li>Your story (what do you want to tell your audience)</li>\r\n\t<li>Your audience (who do you write for)</li>\r\n\t<li>Your blog name and design</li>\r\n</ul>", "thumbnail": "project_thumbnails/Screen_Shot_2020-06-30_at_11.40.00_AM.png", "date_posted": "2020-08-30T19:39:36Z", "active": false, "featured": false, "slug": "django-website-revamp"}}, {"model": "leads.lead", "pk": 4, "fields": {"name": "leah Pan", "email": "leahpan323@gmail.com", "message": "Hello World", "date_posted": "2020-04-14T03:19:31.840Z"}}, {"model": "store.product", "pk": 1, "fields": {"name": "Vase", "description": "3D Printer Vase\r\nPETG/PLA", "thumbnail": "", "price": "9.99", "quantity_instock": 1, "date_posted": "2020-09-06T23:53:36Z", "active": false, "featured": false, "slug": "vase"}}, {"model": "store.product", "pk": 2, "fields": {"name": "Keychain", "description": "Made for your loved ones", "thumbnail": "", "price": "19.99", "quantity_instock": 6, "date_posted": "2020-09-11T01:20:12Z", "active": true, "featured": false, "slug": "keychain"}}, {"model": "store.contactinfo", "pk": 1, "fields": {"first_name": "Noah", "last_name": "Pan", "phone_number": "6463307800", "email_address": "noahpan323@gmail.com"}}, {"model": "store.contactinfo", "pk": 2, "fields": {"first_name": "Noah", "last_name": "Pan", "phone_number": "6463307800", "email_address": "noahpan323@gmail.com"}}, {"model": "store.contactinfo", "pk": 3, "fields": {"first_name": "Noah", "last_name": "Pan", "phone_number": "6463307800", "email_address": "noahpan323@gmail.com"}}, {"model": "store.contactinfo", "pk": 4, "fields": {"first_name": "Noah", "last_name": "Pan", "phone_number": "6463307800", "email_address": "noahpan323@gmail.com"}}, {"model": "store.contactinfo", "pk": 5, "fields": {"first_name": "Noah", "last_name": "Pan", "phone_number": "6463307800", "email_address": "noahpan323@gmail.com"}}, {"model": "store.contactinfo", "pk": 6, "fields": {"first_name": "Noah", "last_name": "Pan", "phone_number": "6463307800", "email_address": "noahpan323@gmail.com"}}, {"model": "store.contactinfo", "pk": 7, "fields": {"first_name": "Noah", "last_name": "Pan", "phone_number": "6463307800", "email_address": "noahpan323@gmail.com"}}, {"model": "store.contactinfo", "pk": 8, "fields": {"first_name": "Noah", "last_name": "Pan", "phone_number": "6463307800", "email_address": "noahpan323@gmail.com"}}, {"model": "store.contactinfo", "pk": 9, "fields": {"first_name": "Noah", "last_name": "Pan", "phone_number": "6463307800", "email_address": "noahpan323@gmail.com"}}, {"model": "store.contactinfo", "pk": 10, "fields": {"first_name": "Noah", "last_name": "Pan", "phone_number": "6463307800", "email_address": "noahpan323@gmail.com"}}, {"model": "store.contactinfo", "pk": 11, "fields": {"first_name": "Noah", "last_name": "Pan", "phone_number": "6463307800", "email_address": "noahpan323@gmail.com"}}, {"model": "store.contactinfo", "pk": 12, "fields": {"first_name": "Noah", "last_name": "Pan", "phone_number": "6463307800", "email_address": "noahpan323@gmail.com"}}, {"model": "store.contactinfo", "pk": 13, "fields": {"first_name": "Noah", "last_name": "Pan", "phone_number": "6463307800", "email_address": "noahpan323@gmail.com"}}, {"model": "store.contactinfo", "pk": 14, "fields": {"first_name": "Noah", "last_name": "Pan", "phone_number": "6463307800", "email_address": "noahpan323@gmail.com"}}, {"model": "store.contactinfo", "pk": 15, "fields": {"first_name": "Noah", "last_name": "Pan", "phone_number": "6463307800", "email_address": "noahpan323@gmail.com"}}, {"model": "store.contactinfo", "pk": 16, "fields": {"first_name": "Noah", "last_name": "Pan", "phone_number": "6463307800", "email_address": "noahpan323@gmail.com"}}, {"model": "store.contactinfo", "pk": 17, "fields": {"first_name": "Noah", "last_name": "Pan", "phone_number": "6463307800", "email_address": "noahpan323@gmail.com"}}, {"model": "store.contactinfo", "pk": 18, "fields": {"first_name": "Noah", "last_name": "Pan", "phone_number": "6463307800", "email_address": "noahpan323@gmail.com"}}, {"model": "store.contactinfo", "pk": 19, "fields": {"first_name": "Noah", "last_name": "Pan", "phone_number": "6463307800", "email_address": "noahpan323@gmail.com"}}, {"model": "store.contactinfo", "pk": 20, "fields": {"first_name": "Noah", "last_name": "Pan", "phone_number": "6463307800", "email_address": "noahpan323@gmail.com"}}, {"model": "store.contactinfo", "pk": 21, "fields": {"first_name": "Noah", "last_name": "Pan", "phone_number": "6463307800", "email_address": "noahpan323@gmail.com"}}, {"model": "store.contactinfo", "pk": 22, "fields": {"first_name": "Noah", "last_name": "Pan", "phone_number": "6463307800", "email_address": "noahpan323@gmail.com"}}, {"model": "store.contactinfo", "pk": 23, "fields": {"first_name": "Noah", "last_name": "Pan", "phone_number": "6463307800", "email_address": "noahpan323@gmail.com"}}, {"model": "store.contactinfo", "pk": 24, "fields": {"first_name": "Noah", "last_name": "Pan", "phone_number": "6463307800", "email_address": "noahpan323@gmail.com"}}, {"model": "store.contactinfo", "pk": 25, "fields": {"first_name": "Noah", "last_name": "Pan", "phone_number": "6463307800", "email_address": "noahpan323@gmail.com"}}, {"model": "store.contactinfo", "pk": 26, "fields": {"first_name": "Noah", "last_name": "Pan", "phone_number": "6463307800", "email_address": "noahpan323@gmail.com"}}, {"model": "store.contactinfo", "pk": 27, "fields": {"first_name": "Noah", "last_name": "Pan", "phone_number": "6463307800", "email_address": "noahpan323@gmail.com"}}, {"model": "store.contactinfo", "pk": 28, "fields": {"first_name": "Noah", "last_name": "Pan", "phone_number": "6463307800", "email_address": "noahpan323@gmail.com"}}, {"model": "store.contactinfo", "pk": 29, "fields": {"first_name": "Noah", "last_name": "Pan", "phone_number": "6463307800", "email_address": "noahpan323@gmail.com"}}, {"model": "store.contactinfo", "pk": 30, "fields": {"first_name": "Noah", "last_name": "Pan", "phone_number": "6463307800", "email_address": "noahpan323@gmail.com"}}, {"model": "store.contactinfo", "pk": 31, "fields": {"first_name": "Noah", "last_name": "Pan", "phone_number": "6463307800", "email_address": "noahpan323@gmail.com"}}, {"model": "store.contactinfo", "pk": 32, "fields": {"first_name": "Noah", "last_name": "Pan", "phone_number": "6463307800", "email_address": "noahpan323@gmail.com"}}, {"model": "store.contactinfo", "pk": 33, "fields": {"first_name": "Noah", "last_name": "Pan", "phone_number": "6463307800", "email_address": "noahpan323@gmail.com"}}, {"model": "store.contactinfo", "pk": 34, "fields": {"first_name": "Noah", "last_name": "Pan", "phone_number": "6463307800", "email_address": "noahpan323@gmail.com"}}, {"model": "store.contactinfo", "pk": 35, "fields": {"first_name": "Noah", "last_name": "Pan", "phone_number": "6463307800", "email_address": "noahpan323@gmail.com"}}, {"model": "store.contactinfo", "pk": 36, "fields": {"first_name": "Noah", "last_name": "Pan", "phone_number": "6463307800", "email_address": "noahpan323@gmail.com"}}, {"model": "store.contactinfo", "pk": 37, "fields": {"first_name": "Noah", "last_name": "Pan", "phone_number": "6463307800", "email_address": "noahpan323@gmail.com"}}, {"model": "store.contactinfo", "pk": 38, "fields": {"first_name": "Noah", "last_name": "Pan", "phone_number": "6463307800", "email_address": "noahpan323@gmail.com"}}, {"model": "store.contactinfo", "pk": 39, "fields": {"first_name": "Noah", "last_name": "Pan", "phone_number": "6463307800", "email_address": "noahpan323@gmail.com"}}, {"model": "store.contactinfo", "pk": 40, "fields": {"first_name": "Noah", "last_name": "Pan", "phone_number": "6463307800", "email_address": "noahpan323@gmail.com"}}, {"model": "store.contactinfo", "pk": 41, "fields": {"first_name": "Noah", "last_name": "Pan", "phone_number": "6463307800", "email_address": "noahpan323@gmail.com"}}, {"model": "store.contactinfo", "pk": 42, "fields": {"first_name": "Noah", "last_name": "Pan", "phone_number": "6463307800", "email_address": "noahpan323@gmail.com"}}, {"model": "store.contactinfo", "pk": 43, "fields": {"first_name": "Noah", "last_name": "Pan", "phone_number": "6463307800", "email_address": "noahpan323@gmail.com"}}, {"model": "store.contactinfo", "pk": 44, "fields": {"first_name": "Noah", "last_name": "Pan", "phone_number": "6463307800", "email_address": "noahpan323@gmail.com"}}, {"model": "store.contactinfo", "pk": 45, "fields": {"first_name": "Noah", "last_name": "Pan", "phone_number": "6463307800", "email_address": "noahpan323@gmail.com"}}, {"model": "store.contactinfo", "pk": 46, "fields": {"first_name": "Noah", "last_name": "Pan", "phone_number": "6463307800", "email_address": "noahpan323@gmail.com"}}, {"model": "store.contactinfo", "pk": 47, "fields": {"first_name": "Noah", "last_name": "Pan", "phone_number": "6463307800", "email_address": "noahpan323@gmail.com"}}, {"model": "store.contactinfo", "pk": 48, "fields": {"first_name": "Noah", "last_name": "Pan", "phone_number": "6463307800", "email_address": "noahpan323@gmail.com"}}, {"model": "store.contactinfo", "pk": 49, "fields": {"first_name": "Noah", "last_name": "Pan", "phone_number": "6463307800", "email_address": "noahpan323@gmail.com"}}, {"model": "store.contactinfo", "pk": 50, "fields": {"first_name": "Noah", "last_name": "Pan", "phone_number": "6463307800", "email_address": "noahpan323@gmail.com"}}, {"model": "store.contactinfo", "pk": 51, "fields": {"first_name": "Noah", "last_name": "Pan", "phone_number": "6463307800", "email_address": "noahpan323@gmail.com"}}, {"model": "store.contactinfo", "pk": 52, "fields": {"first_name": "Noah", "last_name": "Pan", "phone_number": "6463307800", "email_address": "noahpan323@gmail.com"}}, {"model": "store.contactinfo", "pk": 53, "fields": {"first_name": "Noah", "last_name": "Pan", "phone_number": "6463307800", "email_address": "noahpan323@gmail.com"}}, {"model": "store.contactinfo", "pk": 54, "fields": {"first_name": "Noah", "last_name": "Pan", "phone_number": "6463307800", "email_address": "noahpan323@gmail.com"}}, {"model": "store.contactinfo", "pk": 55, "fields": {"first_name": "Noah", "last_name": "Pan", "phone_number": "6463307800", "email_address": "noahpan323@gmail.com"}}, {"model": "store.contactinfo", "pk": 56, "fields": {"first_name": "Noah", "last_name": "Pan", "phone_number": "6463307800", "email_address": "noahpan323@gmail.com"}}, {"model": "store.contactinfo", "pk": 57, "fields": {"first_name": "Noah", "last_name": "Pan", "phone_number": "6463307800", "email_address": "noahpan323@gmail.com"}}, {"model": "store.contactinfo", "pk": 58, "fields": {"first_name": "Noah", "last_name": "Pan", "phone_number": "6463307800", "email_address": "noahpan323@gmail.com"}}, {"model": "store.contactinfo", "pk": 59, "fields": {"first_name": "Noah", "last_name": "Pan", "phone_number": "6463307800", "email_address": "noahpan323@gmail.com"}}, {"model": "store.contactinfo", "pk": 60, "fields": {"first_name": "Noah", "last_name": "Pan", "phone_number": "6463307800", "email_address": "noahpan323@gmail.com"}}, {"model": "store.contactinfo", "pk": 61, "fields": {"first_name": "Noah", "last_name": "Pan", "phone_number": "6463307800", "email_address": "noahpan323@gmail.com"}}, {"model": "store.contactinfo", "pk": 62, "fields": {"first_name": "Noah", "last_name": "Pan", "phone_number": "6463307800", "email_address": "noahpan323@gmail.com"}}, {"model": "store.contactinfo", "pk": 63, "fields": {"first_name": "Noah", "last_name": "Pan", "phone_number": "6463307800", "email_address": "noahpan323@gmail.com"}}, {"model": "store.contactinfo", "pk": 64, "fields": {"first_name": "Noah", "last_name": "Pan", "phone_number": "6463307800", "email_address": "noahpan323@gmail.com"}}, {"model": "store.contactinfo", "pk": 65, "fields": {"first_name": "Noah", "last_name": "Pan", "phone_number": "6463307800", "email_address": "noahpan323@gmail.com"}}, {"model": "store.contactinfo", "pk": 66, "fields": {"first_name": "Noah", "last_name": "Pan", "phone_number": "6463307800", "email_address": "noahpan323@gmail.com"}}, {"model": "store.contactinfo", "pk": 67, "fields": {"first_name": "Noah", "last_name": "Pan", "phone_number": "6463307800", "email_address": "noahpan323@gmail.com"}}, {"model": "store.contactinfo", "pk": 68, "fields": {"first_name": "Noah", "last_name": "Pan", "phone_number": "6463307800", "email_address": "noahpan323@gmail.com"}}, {"model": "store.contactinfo", "pk": 69, "fields": {"first_name": "Noah", "last_name": "Pan", "phone_number": "6463307800", "email_address": "noahpan323@gmail.com"}}, {"model": "store.contactinfo", "pk": 70, "fields": {"first_name": "Noah", "last_name": "Pan", "phone_number": "6463307800", "email_address": "noahpan323@gmail.com"}}, {"model": "store.contactinfo", "pk": 71, "fields": {"first_name": "Noah", "last_name": "Pan", "phone_number": "6463307800", "email_address": "noahpan323@gmail.com"}}, {"model": "store.contactinfo", "pk": 72, "fields": {"first_name": "Noah", "last_name": "Pan", "phone_number": "6463307800", "email_address": "noahpan323@gmail.com"}}, {"model": "store.contactinfo", "pk": 73, "fields": {"first_name": "Noah", "last_name": "Pan", "phone_number": "6463307800", "email_address": "noahpan323@gmail.com"}}, {"model": "store.contactinfo", "pk": 74, "fields": {"first_name": "Noah", "last_name": "Pan", "phone_number": "6463307800", "email_address": "noahpan323@gmail.com"}}, {"model": "store.contactinfo", "pk": 75, "fields": {"first_name": "Noah", "last_name": "Pan", "phone_number": "6463307800", "email_address": "noahpan323@gmail.com"}}, {"model": "store.contactinfo", "pk": 76, "fields": {"first_name": "Noah", "last_name": "Pan", "phone_number": "6463307800", "email_address": "noahpan323@gmail.com"}}, {"model": "store.contactinfo", "pk": 77, "fields": {"first_name": "Noah", "last_name": "Pan", "phone_number": "6463307800", "email_address": "noahpan323@gmail.com"}}, {"model": "store.contactinfo", "pk": 78, "fields": {"first_name": "Noah", "last_name": "Pan", "phone_number": "6463307800", "email_address": "noahpan323@gmail.com"}}, {"model": "store.contactinfo", "pk": 79, "fields": {"first_name": "Noah", "last_name": "Pan", "phone_number": "6463307800", "email_address": "noahpan323@gmail.com"}}, {"model": "store.contactinfo", "pk": 80, "fields": {"first_name": "Noah", "last_name": "Pan", "phone_number": "6463307800", "email_address": "noahpan323@gmail.com"}}, {"model": "store.contactinfo", "pk": 81, "fields": {"first_name": "Noah", "last_name": "Pan", "phone_number": "6463307800", "email_address": "noahpan323@gmail.com"}}, {"model": "store.contactinfo", "pk": 82, "fields": {"first_name": "Noah", "last_name": "Pan", "phone_number": "6463307800", "email_address": "noahpan323@gmail.com"}}, {"model": "store.contactinfo", "pk": 83, "fields": {"first_name": "Noah", "last_name": "Pan", "phone_number": "6463307800", "email_address": "noahpan323@gmail.com"}}, {"model": "store.contactinfo", "pk": 84, "fields": {"first_name": "Noah", "last_name": "Dick", "phone_number": "6463307800", "email_address": "noahpan323@gmail.com"}}, {"model": "store.contactinfo", "pk": 85, "fields": {"first_name": "Noah", "last_name": "Dick", "phone_number": "6463307800", "email_address": "noahpan323@gmail.com"}}, {"model": "store.contactinfo", "pk": 86, "fields": {"first_name": "Noah", "last_name": "Pan", "phone_number": "6463307800", "email_address": "noahpan323@gmail.com"}}, {"model": "store.contactinfo", "pk": 87, "fields": {"first_name": "Noah", "last_name": "Pan", "phone_number": "6463307800", "email_address": "noahpan323@gmail.com"}}, {"model": "store.contactinfo", "pk": 88, "fields": {"first_name": "Noah", "last_name": "Pan", "phone_number": "6463307800", "email_address": "noahpan323@gmail.com"}}, {"model": "store.contactinfo", "pk": 89, "fields": {"first_name": "Noah", "last_name": "Pan", "phone_number": "6463307800", "email_address": "noahpan323@gmail.com"}}, {"model": "store.contactinfo", "pk": 90, "fields": {"first_name": "Noah", "last_name": "Pan", "phone_number": "6463307800", "email_address": "noahpan323@gmail.com"}}, {"model": "store.contactinfo", "pk": 91, "fields": {"first_name": "Noah", "last_name": "Pan", "phone_number": "6463307800", "email_address": "noahpan323@gmail.com"}}, {"model": "store.contactinfo", "pk": 92, "fields": {"first_name": "Noah", "last_name": "Pan", "phone_number": "6463307800", "email_address": "noahpan323@gmail.com"}}, {"model": "store.contactinfo", "pk": 93, "fields": {"first_name": "Noah", "last_name": "Pan", "phone_number": "6463307800", "email_address": "noahpan323@gmail.com"}}, {"model": "store.contactinfo", "pk": 94, "fields": {"first_name": "Noah", "last_name": "Pan", "phone_number": "6463307800", "email_address": "noahpan323@gmail.com"}}, {"model": "store.contactinfo", "pk": 95, "fields": {"first_name": "Noah", "last_name": "Pan", "phone_number": "6463307800", "email_address": "noahpan323@gmail.com"}}, {"model": "store.contactinfo", "pk": 96, "fields": {"first_name": "Noah", "last_name": "Pan", "phone_number": "6463307800", "email_address": "noahpan323@gmail.com"}}, {"model": "store.contactinfo", "pk": 97, "fields": {"first_name": "Noah", "last_name": "Pan", "phone_number": "6463307800", "email_address": "noahpan323@gmail.com"}}, {"model": "store.contactinfo", "pk": 98, "fields": {"first_name": "Noah", "last_name": "Pan", "phone_number": "6463307800", "email_address": "noahpan323@gmail.com"}}, {"model": "store.contactinfo", "pk": 99, "fields": {"first_name": "Noah", "last_name": "Pan", "phone_number": "6463307800", "email_address": "noahpan323@gmail.com"}}, {"model": "store.contactinfo", "pk": 100, "fields": {"first_name": "Noah", "last_name": "Pan", "phone_number": "6463307800", "email_address": "noahpan323@gmail.com"}}, {"model": "store.contactinfo", "pk": 101, "fields": {"first_name": "Noah", "last_name": "Pan", "phone_number": "6463307800", "email_address": "noahpan323@gmail.com"}}, {"model": "store.contactinfo", "pk": 102, "fields": {"first_name": "Noah", "last_name": "Pan", "phone_number": "6463307800", "email_address": "noahpan323@gmail.com"}}, {"model": "store.contactinfo", "pk": 103, "fields": {"first_name": "Noah", "last_name": "Pan", "phone_number": "6463307800", "email_address": "noahpan323@gmail.com"}}, {"model": "store.contactinfo", "pk": 104, "fields": {"first_name": "Noah", "last_name": "Pan", "phone_number": "6463307800", "email_address": "noahpan323@gmail.com"}}, {"model": "store.contactinfo", "pk": 105, "fields": {"first_name": "Noah", "last_name": "Pan", "phone_number": "6463307800", "email_address": "noahpan323@gmail.com"}}, {"model": "store.contactinfo", "pk": 106, "fields": {"first_name": "Noah", "last_name": "Pan", "phone_number": "6463307800", "email_address": "noahpan323@gmail.com"}}, {"model": "store.contactinfo", "pk": 107, "fields": {"first_name": "Noah", "last_name": "Pan", "phone_number": "6463307800", "email_address": "noahpan323@gmail.com"}}, {"model": "store.contactinfo", "pk": 108, "fields": {"first_name": "Noah", "last_name": "Pan", "phone_number": "6463307800", "email_address": "noahpan323@gmail.com"}}, {"model": "store.contactinfo", "pk": 109, "fields": {"first_name": "Noah", "last_name": "Pan", "phone_number": "6463307800", "email_address": "noahpan323@gmail.com"}}, {"model": "store.contactinfo", "pk": 110, "fields": {"first_name": "Noah", "last_name": "Pan", "phone_number": "6463307800", "email_address": "noahpan323@gmail.com"}}, {"model": "store.contactinfo", "pk": 111, "fields": {"first_name": "Noah", "last_name": "Pan", "phone_number": "6463307800", "email_address": "noahpan323@gmail.com"}}, {"model": "store.contactinfo", "pk": 112, "fields": {"first_name": "Noah", "last_name": "Pan", "phone_number": "6463307800", "email_address": "noahpan323@gmail.com"}}, {"model": "store.contactinfo", "pk": 113, "fields": {"first_name": "Noah", "last_name": "Pan", "phone_number": "6463307800", "email_address": "noahpan323@gmail.com"}}, {"model": "store.contactinfo", "pk": 114, "fields": {"first_name": "Noah", "last_name": "Pan", "phone_number": "6463307800", "email_address": "noahpan323@gmail.com"}}, {"model": "store.contactinfo", "pk": 115, "fields": {"first_name": "Noah", "last_name": "Pan", "phone_number": "6463307800", "email_address": "noahpan323@gmail.com"}}, {"model": "store.contactinfo", "pk": 116, "fields": {"first_name": "Noah", "last_name": "Pan", "phone_number": "6463307800", "email_address": "noahpan323@gmail.com"}}, {"model": "store.contactinfo", "pk": 117, "fields": {"first_name": "Noah", "last_name": "Pan", "phone_number": "6463307800", "email_address": "noahpan323@gmail.com"}}, {"model": "store.contactinfo", "pk": 118, "fields": {"first_name": "Noah", "last_name": "Pan", "phone_number": "6463307800", "email_address": "noahpan323@gmail.com"}}, {"model": "store.contactinfo", "pk": 119, "fields": {"first_name": "Noah", "last_name": "Pan", "phone_number": "6463307800", "email_address": "noahpan323@gmail.com"}}, {"model": "store.contactinfo", "pk": 120, "fields": {"first_name": "Noah", "last_name": "Pan", "phone_number": "6463307800", "email_address": "noahpan323@gmail.com"}}, {"model": "store.contactinfo", "pk": 121, "fields": {"first_name": "Noah", "last_name": "Pan", "phone_number": "6463307800", "email_address": "noahpan323@gmail.com"}}, {"model": "store.contactinfo", "pk": 122, "fields": {"first_name": "Noah", "last_name": "Pan", "phone_number": "6463307800", "email_address": "noahpan323@gmail.com"}}, {"model": "store.contactinfo", "pk": 123, "fields": {"first_name": "Noah", "last_name": "Pan", "phone_number": "6463307800", "email_address": "noahpan323@gmail.com"}}, {"model": "store.contactinfo", "pk": 124, "fields": {"first_name": "Noah", "last_name": "Pan", "phone_number": "6463307800", "email_address": "noahpan323@gmail.com"}}, {"model": "store.contactinfo", "pk": 125, "fields": {"first_name": "Noah", "last_name": "Pan", "phone_number": "6463307800", "email_address": "noahpan323@gmail.com"}}, {"model": "store.contactinfo", "pk": 126, "fields": {"first_name": "Noah", "last_name": "Pan", "phone_number": "6463307800", "email_address": "noahpan323@gmail.com"}}, {"model": "store.contactinfo", "pk": 127, "fields": {"first_name": "Noah", "last_name": "Pan", "phone_number": "6463307800", "email_address": "noahpan323@gmail.com"}}, {"model": "store.contactinfo", "pk": 128, "fields": {"first_name": "Noah", "last_name": "Pan", "phone_number": "6463307800", "email_address": "noahpan323@gmail.com"}}, {"model": "store.contactinfo", "pk": 129, "fields": {"first_name": "Noah", "last_name": "Pan", "phone_number": "6463307800", "email_address": "noahpan323@gmail.com"}}, {"model": "store.contactinfo", "pk": 130, "fields": {"first_name": "Noah", "last_name": "Pan", "phone_number": "6463307800", "email_address": "noahpan323@gmail.com"}}, {"model": "store.contactinfo", "pk": 131, "fields": {"first_name": "Noah", "last_name": "Pan", "phone_number": "6463307800", "email_address": "noahpan323@gmail.com"}}, {"model": "store.contactinfo", "pk": 132, "fields": {"first_name": "Noah", "last_name": "Pan", "phone_number": "6463307800", "email_address": "noahpan323@gmail.com"}}, {"model": "store.contactinfo", "pk": 133, "fields": {"first_name": "Noah", "last_name": "Pan", "phone_number": "6463307800", "email_address": "noahpan323@gmail.com"}}, {"model": "store.contactinfo", "pk": 134, "fields": {"first_name": "Noah", "last_name": "Pan", "phone_number": "6463307800", "email_address": "noahpan323@gmail.com"}}, {"model": "store.contactinfo", "pk": 135, "fields": {"first_name": "Noah", "last_name": "Pan", "phone_number": "6463307800", "email_address": "noahpan323@gmail.com"}}, {"model": "store.contactinfo", "pk": 136, "fields": {"first_name": "Noah", "last_name": "Pan", "phone_number": "6463307800", "email_address": "noahpan323@gmail.com"}}, {"model": "store.contactinfo", "pk": 137, "fields": {"first_name": "Noah", "last_name": "Pan", "phone_number": "6463307800", "email_address": "noahpan323@gmail.com"}}, {"model": "store.contactinfo", "pk": 138, "fields": {"first_name": "Noah", "last_name": "Pan", "phone_number": "6463307800", "email_address": "noahpan323@gmail.com"}}, {"model": "store.contactinfo", "pk": 139, "fields": {"first_name": "Noah", "last_name": "Pan", "phone_number": "6463307800", "email_address": "noahpan323@gmail.com"}}, {"model": "store.contactinfo", "pk": 140, "fields": {"first_name": "Noah", "last_name": "Pan", "phone_number": "6463307800", "email_address": "noahpan323@gmail.com"}}, {"model": "store.contactinfo", "pk": 141, "fields": {"first_name": "Noah", "last_name": "Pan", "phone_number": "6463307800", "email_address": "noahpan323@gmail.com"}}, {"model": "store.contactinfo", "pk": 142, "fields": {"first_name": "Noah", "last_name": "Pan", "phone_number": "6463307800", "email_address": "noahpan323@gmail.com"}}, {"model": "store.contactinfo", "pk": 143, "fields": {"first_name": "Noah", "last_name": "Pan", "phone_number": "6463307800", "email_address": "noahpan323@gmail.com"}}, {"model": "store.contactinfo", "pk": 144, "fields": {"first_name": "Noah", "last_name": "Pan", "phone_number": "6463307800", "email_address": "noahpan323@gmail.com"}}, {"model": "store.contactinfo", "pk": 145, "fields": {"first_name": "Noah", "last_name": "Pan", "phone_number": "6463307800", "email_address": "noahpan323@gmail.com"}}, {"model": "store.contactinfo", "pk": 146, "fields": {"first_name": "Noah", "last_name": "Pan", "phone_number": "6463307800", "email_address": "noahpan323@gmail.com"}}, {"model": "store.contactinfo", "pk": 147, "fields": {"first_name": "Noah", "last_name": "Pan", "phone_number": "6463307800", "email_address": "noahpan323@gmail.com"}}, {"model": "store.contactinfo", "pk": 148, "fields": {"first_name": "Noah", "last_name": "Pan", "phone_number": "6463307800", "email_address": "noahpan323@gmail.com"}}, {"model": "store.contactinfo", "pk": 149, "fields": {"first_name": "Noah", "last_name": "Pan", "phone_number": "6463307800", "email_address": "noahpan323@gmail.com"}}, {"model": "store.contactinfo", "pk": 150, "fields": {"first_name": "Noah", "last_name": "Pan", "phone_number": "6463307800", "email_address": "noahpan323@gmail.com"}}, {"model": "store.contactinfo", "pk": 151, "fields": {"first_name": "Noah", "last_name": "Pan", "phone_number": "6463307800", "email_address": "noahpan323@gmail.com"}}, {"model": "store.contactinfo", "pk": 152, "fields": {"first_name": "Noah", "last_name": "Pan", "phone_number": "6463307800", "email_address": "noahpan323@gmail.com"}}, {"model": "store.contactinfo", "pk": 153, "fields": {"first_name": "Noah", "last_name": "Pan", "phone_number": "6463307800", "email_address": "noahpan323@gmail.com"}}, {"model": "store.contactinfo", "pk": 154, "fields": {"first_name": "Noah", "last_name": "Pan", "phone_number": "6463307800", "email_address": "noahpan323@gmail.com"}}, {"model": "store.contactinfo", "pk": 155, "fields": {"first_name": "Noah", "last_name": "Pan", "phone_number": "6463307800", "email_address": "noahpan323@gmail.com"}}, {"model": "store.contactinfo", "pk": 156, "fields": {"first_name": "Noah", "last_name": "Pan", "phone_number": "6463307800", "email_address": "noahpan323@gmail.com"}}, {"model": "store.contactinfo", "pk": 157, "fields": {"first_name": "Noah", "last_name": "Pan", "phone_number": "6463307800", "email_address": "noahpan323@gmail.com"}}, {"model": "store.contactinfo", "pk": 158, "fields": {"first_name": "Noah", "last_name": "Pan", "phone_number": "6463307800", "email_address": "noahpan323@gmail.com"}}, {"model": "store.contactinfo", "pk": 159, "fields": {"first_name": "Noah", "last_name": "Pan", "phone_number": "6463307800", "email_address": "noahpan323@gmail.com"}}, {"model": "store.contactinfo", "pk": 160, "fields": {"first_name": "Noah", "last_name": "Pan", "phone_number": "6463307800", "email_address": "noahpan323@gmail.com"}}, {"model": "store.contactinfo", "pk": 161, "fields": {"first_name": "Noah", "last_name": "Pan", "phone_number": "6463307800", "email_address": "noahpan323@gmail.com"}}, {"model": "store.contactinfo", "pk": 162, "fields": {"first_name": "Noah", "last_name": "Pan", "phone_number": "6463307800", "email_address": "noahpan323@gmail.com"}}, {"model": "store.contactinfo", "pk": 163, "fields": {"first_name": "Noah", "last_name": "Pan", "phone_number": "6463307800", "email_address": "noahpan323@gmail.com"}}, {"model": "store.contactinfo", "pk": 164, "fields": {"first_name": "Noah", "last_name": "Pan", "phone_number": "6463307800", "email_address": "noahpan323@gmail.com"}}, {"model": "store.contactinfo", "pk": 165, "fields": {"first_name": "Noah", "last_name": "Pan", "phone_number": "6463307800", "email_address": "noahpan323@gmail.com"}}, {"model": "store.contactinfo", "pk": 166, "fields": {"first_name": "Noah", "last_name": "Pan", "phone_number": "6463307800", "email_address": "noahpan323@gmail.com"}}, {"model": "store.contactinfo", "pk": 167, "fields": {"first_name": "Noah", "last_name": "Pan", "phone_number": "6463307800", "email_address": "noahpan323@gmail.com"}}, {"model": "store.contactinfo", "pk": 168, "fields": {"first_name": "Noah", "last_name": "Pan", "phone_number": "6463307800", "email_address": "noahpan323@gmail.com"}}, {"model": "store.contactinfo", "pk": 169, "fields": {"first_name": "Noah", "last_name": "Pan", "phone_number": "6463307800", "email_address": "noahpan323@gmail.com"}}, {"model": "store.contactinfo", "pk": 170, "fields": {"first_name": "Noah", "last_name": "Pan", "phone_number": "6463307800", "email_address": "noahpan323@gmail.com"}}, {"model": "store.contactinfo", "pk": 171, "fields": {"first_name": "Noah", "last_name": "Pan", "phone_number": "6463307800", "email_address": "noahpan323@gmail.com"}}, {"model": "store.contactinfo", "pk": 172, "fields": {"first_name": "Noah", "last_name": "Pan", "phone_number": "6463307800", "email_address": "noahpan323@gmail.com"}}, {"model": "store.contactinfo", "pk": 173, "fields": {"first_name": "Noah", "last_name": "Pan", "phone_number": "6463307800", "email_address": "noahpan323@gmail.com"}}, {"model": "store.contactinfo", "pk": 174, "fields": {"first_name": "Noah", "last_name": "Pan", "phone_number": "6463307800", "email_address": "noahpan323@gmail.com"}}, {"model": "store.contactinfo", "pk": 175, "fields": {"first_name": "Noah", "last_name": "Pan", "phone_number": "6463307800", "email_address": "noahpan323@gmail.com"}}, {"model": "store.contactinfo", "pk": 176, "fields": {"first_name": "Noah", "last_name": "Pan", "phone_number": "6463307800", "email_address": "noahpan323@gmail.com"}}, {"model": "store.contactinfo", "pk": 177, "fields": {"first_name": "Noah", "last_name": "Pan", "phone_number": "6463307800", "email_address": "noahpan323@gmail.com"}}, {"model": "store.contactinfo", "pk": 178, "fields": {"first_name": "Noah", "last_name": "Pan", "phone_number": "6463307800", "email_address": "noahpan323@gmail.com"}}, {"model": "store.contactinfo", "pk": 179, "fields": {"first_name": "Noah", "last_name": "Pan", "phone_number": "6463307800", "email_address": "noahpan323@gmail.com"}}, {"model": "store.contactinfo", "pk": 180, "fields": {"first_name": "Noah", "last_name": "Pan", "phone_number": "6463307800", "email_address": "noahpan323@gmail.com"}}, {"model": "store.contactinfo", "pk": 181, "fields": {"first_name": "Noah", "last_name": "Pan", "phone_number": "6463307800", "email_address": "noahpan323@gmail.com"}}, {"model": "store.contactinfo", "pk": 182, "fields": {"first_name": "Noah", "last_name": "Pan", "phone_number": "6463307800", "email_address": "noahpan323@gmail.com"}}, {"model": "store.contactinfo", "pk": 183, "fields": {"first_name": "Noah", "last_name": "Pan", "phone_number": "6463307800", "email_address": "noahpan323@gmail.com"}}, {"model": "store.contactinfo", "pk": 184, "fields": {"first_name": "Noah", "last_name": "Pan", "phone_number": "6463307800", "email_address": "noahpan323@gmail.com"}}, {"model": "store.contactinfo", "pk": 185, "fields": {"first_name": "Noah", "last_name": "Pan", "phone_number": "6463307800", "email_address": "noahpan323@gmail.com"}}, {"model": "store.billingaddress", "pk": 5, "fields": {"address1": "202-07 56TH AVE.", "address2": "", "country": "AT", "state": "NY", "city": "", "zipcode": "11364"}}, {"model": "store.billingaddress", "pk": 6, "fields": {"address1": "202-07 56TH AVE.", "address2": "", "country": "AT", "state": "NY", "city": "", "zipcode": "11364"}}, {"model": "store.billingaddress", "pk": 7, "fields": {"address1": "202-07 56TH AVE.", "address2": "", "country": "AT", "state": "NY", "city": "", "zipcode": "11364"}}, {"model": "store.billingaddress", "pk": 8, "fields": {"address1": "202-07 56TH AVE.", "address2": "", "country": "AT", "state": "NY", "city": "", "zipcode": "11364"}}, {"model": "store.billingaddress", "pk": 9, "fields": {"address1": "202-07 56TH AVE.", "address2": "", "country": "AT", "state": "NY", "city": "", "zipcode": "11364"}}, {"model": "store.billingaddress", "pk": 10, "fields": {"address1": "202-07 56TH AVE.", "address2": "", "country": "AT", "state": "NY", "city": "", "zipcode": "11364"}}, {"model": "store.billingaddress", "pk": 11, "fields": {"address1": "202-07 56TH AVE.", "address2": "", "country": "AT", "state": "NY", "city": "", "zipcode": "11364"}}, {"model": "store.billingaddress", "pk": 12, "fields": {"address1": "202-07 56TH AVE.", "address2": "", "country": "AT", "state": "NY", "city": "", "zipcode": "11364"}}, {"model": "store.billingaddress", "pk": 13, "fields": {"address1": "202-07 56TH AVE.", "address2": "", "country": "AT", "state": "NY", "city": "", "zipcode": "11364"}}, {"model": "store.billingaddress", "pk": 14, "fields": {"address1": "202-07 56TH AVE.", "address2": "", "country": "AT", "state": "NY", "city": "", "zipcode": "11364"}}, {"model": "store.billingaddress", "pk": 15, "fields": {"address1": "202-07 56TH AVE.", "address2": "", "country": "AT", "state": "NY", "city": "", "zipcode": "11364"}}, {"model": "store.billingaddress", "pk": 16, "fields": {"address1": "202-07 56TH AVE.", "address2": "", "country": "AT", "state": "NY", "city": "", "zipcode": "11364"}}, {"model": "store.billingaddress", "pk": 17, "fields": {"address1": "202-07 56TH AVE.", "address2": "", "country": "AT", "state": "NY", "city": "", "zipcode": "11364"}}, {"model": "store.billingaddress", "pk": 18, "fields": {"address1": "202-07 56TH AVE.", "address2": "", "country": "AT", "state": "NY", "city": "", "zipcode": "11364"}}, {"model": "store.billingaddress", "pk": 19, "fields": {"address1": "202-07 56TH AVE.", "address2": "", "country": "AT", "state": "NY", "city": "", "zipcode": "11364"}}, {"model": "store.billingaddress", "pk": 20, "fields": {"address1": "202-07 56TH AVE.", "address2": "", "country": "AT", "state": "NY", "city": "", "zipcode": "11364"}}, {"model": "store.billingaddress", "pk": 21, "fields": {"address1": "202-07 56TH AVE.", "address2": "", "country": "AT", "state": "NY", "city": "", "zipcode": "11364"}}, {"model": "store.billingaddress", "pk": 22, "fields": {"address1": "202-07 56TH AVE.", "address2": "", "country": "AT", "state": "NY", "city": "", "zipcode": "11364"}}, {"model": "store.billingaddress", "pk": 23, "fields": {"address1": "202-07 56TH AVE.", "address2": "", "country": "AT", "state": "NY", "city": "", "zipcode": "11364"}}, {"model": "store.billingaddress", "pk": 24, "fields": {"address1": "202-07 56TH AVE.", "address2": "", "country": "AT", "state": "NY", "city": "", "zipcode": "11364"}}, {"model": "store.billingaddress", "pk": 25, "fields": {"address1": "202-07 56TH AVE.", "address2": "", "country": "AT", "state": "NY", "city": "", "zipcode": "11364"}}, {"model": "store.billingaddress", "pk": 26, "fields": {"address1": "202-07 56TH AVE.", "address2": "", "country": "US", "state": "NY", "city": "", "zipcode": "11364"}}, {"model": "store.billingaddress", "pk": 27, "fields": {"address1": "202-07 56TH AVE.", "address2": "", "country": "US", "state": "NY", "city": "", "zipcode": "11364"}}, {"model": "store.billingaddress", "pk": 28, "fields": {"address1": "202-07 56TH AVE.", "address2": "", "country": "AT", "state": "NY", "city": "", "zipcode": "11364"}}, {"model": "store.billingaddress", "pk": 29, "fields": {"address1": "202-07 56TH AVE.", "address2": "", "country": "AT", "state": "NY", "city": "", "zipcode": "11364"}}, {"model": "store.billingaddress", "pk": 30, "fields": {"address1": "202-07 56TH AVE.", "address2": "", "country": "US", "state": "NY", "city": "", "zipcode": "11364"}}, {"model": "store.billingaddress", "pk": 31, "fields": {"address1": "202-07 56TH AVE.", "address2": "", "country": "US", "state": "NY", "city": "", "zipcode": "11364"}}, {"model": "store.billingaddress", "pk": 32, "fields": {"address1": "202-07 56TH AVE.", "address2": "", "country": "US", "state": "NY", "city": "", "zipcode": "11364"}}, {"model": "store.billingaddress", "pk": 33, "fields": {"address1": "202-07 56TH AVE.", "address2": "", "country": "US", "state": "NY", "city": "", "zipcode": "11364"}}, {"model": "store.billingaddress", "pk": 34, "fields": {"address1": "202-07 56TH AVE.", "address2": "", "country": "US", "state": "NY", "city": "OAKLAND GARDENS", "zipcode": "11364"}}, {"model": "store.billingaddress", "pk": 35, "fields": {"address1": "202-07 56TH AVE.", "address2": "", "country": "US", "state": "NY", "city": "OAKLAND GARDENS", "zipcode": "11364"}}, {"model": "store.billingaddress", "pk": 36, "fields": {"address1": "202-07 56TH AVE.", "address2": "", "country": "US", "state": "NY", "city": "OAKLAND GARDENS", "zipcode": "11364"}}, {"model": "store.billingaddress", "pk": 37, "fields": {"address1": "202-07 56TH AVE.", "address2": "", "country": "US", "state": "NY", "city": "OAKLAND GARDENS", "zipcode": "11364"}}, {"model": "store.billingaddress", "pk": 38, "fields": {"address1": "202-07 56TH AVE.", "address2": "", "country": "US", "state": "NY", "city": "OAKLAND GARDENS", "zipcode": "11364"}}, {"model": "store.billingaddress", "pk": 39, "fields": {"address1": "202-07 56TH AVE.", "address2": "", "country": "US", "state": "NY", "city": "OAKLAND GARDENS", "zipcode": "11364"}}, {"model": "store.billingaddress", "pk": 40, "fields": {"address1": "202-07 56TH AVE.", "address2": "", "country": "US", "state": "NY", "city": "OAKLAND GARDENS", "zipcode": "11364"}}, {"model": "store.billingaddress", "pk": 41, "fields": {"address1": "202-07 56TH AVE.", "address2": "", "country": "US", "state": "NY", "city": "OAKLAND GARDENS", "zipcode": "11364"}}, {"model": "store.billingaddress", "pk": 42, "fields": {"address1": "202-07 56TH AVE.", "address2": "", "country": "US", "state": "NY", "city": "OAKLAND GARDENS", "zipcode": "11364"}}, {"model": "store.billingaddress", "pk": 43, "fields": {"address1": "202-07 56TH AVE.", "address2": "", "country": "US", "state": "NY", "city": "OAKLAND GARDENS", "zipcode": "11364"}}, {"model": "store.billingaddress", "pk": 44, "fields": {"address1": "202-07 56TH AVE.", "address2": "", "country": "US", "state": "NY", "city": "OAKLAND GARDENS", "zipcode": "11364"}}, {"model": "store.billingaddress", "pk": 45, "fields": {"address1": "202-07 56TH AVE.", "address2": "", "country": "US", "state": "NY", "city": "OAKLAND GARDENS", "zipcode": "11364"}}, {"model": "store.billingaddress", "pk": 46, "fields": {"address1": "202-07 56TH AVE.", "address2": "", "country": "US", "state": "NY", "city": "OAKLAND GARDENS", "zipcode": "11364"}}, {"model": "store.billingaddress", "pk": 47, "fields": {"address1": "202-07 56TH AVE.", "address2": "", "country": "US", "state": "NY", "city": "OAKLAND GARDENS", "zipcode": "11364"}}, {"model": "store.billingaddress", "pk": 48, "fields": {"address1": "202-07 56TH AVE.", "address2": "", "country": "US", "state": "NY", "city": "OAKLAND GARDENS", "zipcode": "11364"}}, {"model": "store.billingaddress", "pk": 49, "fields": {"address1": "202-07 56TH AVE.", "address2": "", "country": "US", "state": "NY", "city": "OAKLAND GARDENS", "zipcode": "11364"}}, {"model": "store.billingaddress", "pk": 50, "fields": {"address1": "202-07 56TH AVE.", "address2": "", "country": "US", "state": "NY", "city": "OAKLAND GARDENS", "zipcode": "11364"}}, {"model": "store.billingaddress", "pk": 51, "fields": {"address1": "", "address2": "", "country": "", "state": "", "city": "", "zipcode": ""}}, {"model": "store.billingaddress", "pk": 52, "fields": {"address1": "202-07 56TH AVE.", "address2": "", "country": "US", "state": "NY", "city": "OAKLAND GARDENS", "zipcode": "11364"}}, {"model": "store.billingaddress", "pk": 53, "fields": {"address1": "", "address2": "", "country": "", "state": "", "city": "", "zipcode": ""}}, {"model": "store.billingaddress", "pk": 54, "fields": {"address1": "202-07 56TH AVE.", "address2": "", "country": "US", "state": "NY", "city": "OAKLAND GARDENS", "zipcode": "11364"}}, {"model": "store.billingaddress", "pk": 55, "fields": {"address1": "202-07 56TH AVE.", "address2": "", "country": "US", "state": "NY", "city": "OAKLAND GARDENS", "zipcode": "11364"}}, {"model": "store.billingaddress", "pk": 56, "fields": {"address1": "202-07 56TH AVE.", "address2": "", "country": "US", "state": "NY", "city": "OAKLAND GARDENS", "zipcode": "11364"}}, {"model": "store.billingaddress", "pk": 57, "fields": {"address1": "202-07 56TH AVE.", "address2": "", "country": "US", "state": "NY", "city": "OAKLAND GARDENS", "zipcode": "11364"}}, {"model": "store.billingaddress", "pk": 58, "fields": {"address1": "202-07 56TH AVE.", "address2": "", "country": "US", "state": "NY", "city": "OAKLAND GARDENS", "zipcode": "11364"}}, {"model": "store.billingaddress", "pk": 59, "fields": {"address1": "202-07 56TH AVE.", "address2": "", "country": "US", "state": "NY", "city": "OAKLAND GARDENS", "zipcode": "11364"}}, {"model": "store.billingaddress", "pk": 60, "fields": {"address1": "202-07 56TH AVE.", "address2": "", "country": "US", "state": "NY", "city": "OAKLAND GARDENS", "zipcode": "11364"}}, {"model": "store.billingaddress", "pk": 61, "fields": {"address1": "202-07 56TH AVE.", "address2": "", "country": "US", "state": "NY", "city": "OAKLAND GARDENS", "zipcode": "11364"}}, {"model": "store.billingaddress", "pk": 62, "fields": {"address1": "202-07 56TH AVE.", "address2": "", "country": "US", "state": "NY", "city": "OAKLAND GARDENS", "zipcode": "11364"}}, {"model": "store.billingaddress", "pk": 63, "fields": {"address1": "202-07 56TH AVE.", "address2": "", "country": "US", "state": "NY", "city": "OAKLAND GARDENS", "zipcode": "11364"}}, {"model": "store.billingaddress", "pk": 64, "fields": {"address1": "202-07 56TH AVE.", "address2": "", "country": "US", "state": "NY", "city": "OAKLAND GARDENS", "zipcode": "11364"}}, {"model": "store.billingaddress", "pk": 65, "fields": {"address1": "202-07 56TH AVE.", "address2": "", "country": "US", "state": "NY", "city": "OAKLAND GARDENS", "zipcode": "11364"}}, {"model": "store.billingaddress", "pk": 66, "fields": {"address1": "202-07 56TH AVE.", "address2": "", "country": "US", "state": "NY", "city": "OAKLAND GARDENS", "zipcode": "11364"}}, {"model": "store.billingaddress", "pk": 67, "fields": {"address1": "202-07 56TH AVE.", "address2": "", "country": "US", "state": "NY", "city": "OAKLAND GARDENS", "zipcode": "11364"}}, {"model": "store.billingaddress", "pk": 68, "fields": {"address1": "202-07 56TH AVE.", "address2": "", "country": "US", "state": "NY", "city": "OAKLAND GARDENS", "zipcode": "11364"}}, {"model": "store.billingaddress", "pk": 69, "fields": {"address1": "202-07 56TH AVE.", "address2": "", "country": "US", "state": "NY", "city": "OAKLAND GARDENS", "zipcode": "11364"}}, {"model": "store.billingaddress", "pk": 70, "fields": {"address1": "202-07 56TH AVE.", "address2": "", "country": "US", "state": "NY", "city": "OAKLAND GARDENS", "zipcode": "11364"}}, {"model": "store.billingaddress", "pk": 71, "fields": {"address1": "202-07 56TH AVE.", "address2": "", "country": "US", "state": "NY", "city": "OAKLAND GARDENS", "zipcode": "11364"}}, {"model": "store.billingaddress", "pk": 72, "fields": {"address1": "202-07 56TH AVE.", "address2": "", "country": "US", "state": "NY", "city": "OAKLAND GARDENS", "zipcode": "11364"}}, {"model": "store.billingaddress", "pk": 73, "fields": {"address1": "202-07 56TH AVE.", "address2": "", "country": "US", "state": "NY", "city": "OAKLAND GARDENS", "zipcode": "11364"}}, {"model": "store.billingaddress", "pk": 74, "fields": {"address1": "202-07 56TH AVE.", "address2": "", "country": "US", "state": "NY", "city": "OAKLAND GARDENS", "zipcode": "11364"}}, {"model": "store.billingaddress", "pk": 75, "fields": {"address1": "202-07 56TH AVE.", "address2": "", "country": "US", "state": "NY", "city": "OAKLAND GARDENS", "zipcode": "11364"}}, {"model": "store.billingaddress", "pk": 76, "fields": {"address1": "202-07 56TH AVE.", "address2": "", "country": "US", "state": "NY", "city": "OAKLAND GARDENS", "zipcode": "11364"}}, {"model": "store.billingaddress", "pk": 77, "fields": {"address1": "202-07 56TH AVE.", "address2": "", "country": "US", "state": "NY", "city": "OAKLAND GARDENS", "zipcode": "11364"}}, {"model": "store.billingaddress", "pk": 78, "fields": {"address1": "202-07 56TH AVE.", "address2": "", "country": "US", "state": "NY", "city": "OAKLAND GARDENS", "zipcode": "11364"}}, {"model": "store.billingaddress", "pk": 79, "fields": {"address1": "202-07 56TH AVE.", "address2": "", "country": "US", "state": "NY", "city": "OAKLAND GARDENS", "zipcode": "11364"}}, {"model": "store.billingaddress", "pk": 80, "fields": {"address1": "202-07 56TH AVE.", "address2": "", "country": "US", "state": "NY", "city": "OAKLAND GARDENS", "zipcode": "11364"}}, {"model": "store.billingaddress", "pk": 81, "fields": {"address1": "202-07 56TH AVE.", "address2": "", "country": "US", "state": "NY", "city": "OAKLAND GARDENS", "zipcode": "11364"}}, {"model": "store.billingaddress", "pk": 82, "fields": {"address1": "202-07 56TH AVE.", "address2": "", "country": "US", "state": "NY", "city": "OAKLAND GARDENS", "zipcode": "11364"}}, {"model": "store.billingaddress", "pk": 83, "fields": {"address1": "202-07 56TH AVE.", "address2": "", "country": "US", "state": "NY", "city": "OAKLAND GARDENS", "zipcode": "11364"}}, {"model": "store.billingaddress", "pk": 84, "fields": {"address1": "202-07 56TH AVE.", "address2": "", "country": "US", "state": "NY", "city": "OAKLAND GARDENS", "zipcode": "11364"}}, {"model": "store.billingaddress", "pk": 85, "fields": {"address1": "202-07 56TH AVE.", "address2": "", "country": "US", "state": "NY", "city": "OAKLAND GARDENS", "zipcode": "11364"}}, {"model": "store.billingaddress", "pk": 86, "fields": {"address1": "202-07 56TH AVE.", "address2": "", "country": "US", "state": "NY", "city": "OAKLAND GARDENS", "zipcode": "11364"}}, {"model": "store.billingaddress", "pk": 87, "fields": {"address1": "202-07 56TH AVE.", "address2": "", "country": "US", "state": "NY", "city": "OAKLAND GARDENS", "zipcode": "11364"}}, {"model": "store.billingaddress", "pk": 88, "fields": {"address1": "202-07 56TH AVE.", "address2": "", "country": "US", "state": "NY", "city": "OAKLAND GARDENS", "zipcode": "11364"}}, {"model": "store.billingaddress", "pk": 89, "fields": {"address1": "202-07 56TH AVE.", "address2": "", "country": "US", "state": "NY", "city": "OAKLAND GARDENS", "zipcode": "11364"}}, {"model": "store.billingaddress", "pk": 90, "fields": {"address1": "202-07 56TH AVE.", "address2": "", "country": "US", "state": "NY", "city": "OAKLAND GARDENS", "zipcode": "11364"}}, {"model": "store.billingaddress", "pk": 91, "fields": {"address1": "202-07 56TH AVE.", "address2": "", "country": "US", "state": "NY", "city": "OAKLAND GARDENS", "zipcode": "11364"}}, {"model": "store.billingaddress", "pk": 92, "fields": {"address1": "202-07 56TH AVE.", "address2": "", "country": "US", "state": "NY", "city": "OAKLAND GARDENS", "zipcode": "11364"}}, {"model": "store.billingaddress", "pk": 93, "fields": {"address1": "202-07 56TH AVE.", "address2": "", "country": "US", "state": "NY", "city": "OAKLAND GARDENS", "zipcode": "11364"}}, {"model": "store.billingaddress", "pk": 94, "fields": {"address1": "202-07 56TH AVE.", "address2": "", "country": "US", "state": "NY", "city": "OAKLAND GARDENS", "zipcode": "11364"}}, {"model": "store.billingaddress", "pk": 95, "fields": {"address1": "202-07 56TH AVE.", "address2": "", "country": "US", "state": "NY", "city": "OAKLAND GARDENS", "zipcode": "11364"}}, {"model": "store.billingaddress", "pk": 96, "fields": {"address1": "202-07 56TH AVE.", "address2": "", "country": "US", "state": "NY", "city": "OAKLAND GARDENS", "zipcode": "11364"}}, {"model": "store.billingaddress", "pk": 97, "fields": {"address1": "202-07 56TH AVE.", "address2": "", "country": "US", "state": "NY", "city": "OAKLAND GARDENS", "zipcode": "11364"}}, {"model": "store.billingaddress", "pk": 98, "fields": {"address1": "202-07 56TH AVE.", "address2": "", "country": "US", "state": "NY", "city": "OAKLAND GARDENS", "zipcode": "11364"}}, {"model": "store.billingaddress", "pk": 99, "fields": {"address1": "202-07 56TH AVE.", "address2": "", "country": "US", "state": "NY", "city": "OAKLAND GARDENS", "zipcode": "11364"}}, {"model": "store.billingaddress", "pk": 100, "fields": {"address1": "202-07 56TH AVE.", "address2": "", "country": "US", "state": "NY", "city": "OAKLAND GARDENS", "zipcode": "11364"}}, {"model": "store.billingaddress", "pk": 101, "fields": {"address1": "202-07 56TH AVE.", "address2": "", "country": "US", "state": "NY", "city": "OAKLAND GARDENS", "zipcode": "11364"}}, {"model": "store.billingaddress", "pk": 102, "fields": {"address1": "202-07 56TH AVE.", "address2": "", "country": "US", "state": "NY", "city": "OAKLAND GARDENS", "zipcode": "11364"}}, {"model": "store.billingaddress", "pk": 103, "fields": {"address1": "202-07 56TH AVE.", "address2": "", "country": "US", "state": "NY", "city": "OAKLAND GARDENS", "zipcode": "11364"}}, {"model": "store.billingaddress", "pk": 104, "fields": {"address1": "202-07 56TH AVE.", "address2": "", "country": "US", "state": "NY", "city": "OAKLAND GARDENS", "zipcode": "11364"}}, {"model": "store.billingaddress", "pk": 105, "fields": {"address1": "202-07 56TH AVE.", "address2": "", "country": "US", "state": "NY", "city": "OAKLAND GARDENS", "zipcode": "11364"}}, {"model": "store.billingaddress", "pk": 106, "fields": {"address1": "202-07 56TH AVE.", "address2": "", "country": "US", "state": "NY", "city": "OAKLAND GARDENS", "zipcode": "11364"}}, {"model": "store.billingaddress", "pk": 107, "fields": {"address1": "202-07 56TH AVE.", "address2": "", "country": "US", "state": "NY", "city": "OAKLAND GARDENS", "zipcode": "11364"}}, {"model": "store.billingaddress", "pk": 108, "fields": {"address1": "202-07 56TH AVE.", "address2": "", "country": "US", "state": "NY", "city": "OAKLAND GARDENS", "zipcode": "11364"}}, {"model": "store.billingaddress", "pk": 109, "fields": {"address1": "202-07 56TH AVE.", "address2": "", "country": "US", "state": "NY", "city": "OAKLAND GARDENS", "zipcode": "11364"}}, {"model": "store.billingaddress", "pk": 110, "fields": {"address1": "202-07 56TH AVE.", "address2": "", "country": "US", "state": "NY", "city": "OAKLAND GARDENS", "zipcode": "11364"}}, {"model": "store.billingaddress", "pk": 111, "fields": {"address1": "202-07 56TH AVE.", "address2": "", "country": "US", "state": "NY", "city": "OAKLAND GARDENS", "zipcode": "11364"}}, {"model": "store.billingaddress", "pk": 112, "fields": {"address1": "202-07 56TH AVE.", "address2": "", "country": "US", "state": "NY", "city": "OAKLAND GARDENS", "zipcode": "11364"}}, {"model": "store.billingaddress", "pk": 113, "fields": {"address1": "202-07 56TH AVE.", "address2": "", "country": "US", "state": "NY", "city": "OAKLAND GARDENS", "zipcode": "11364"}}, {"model": "store.billingaddress", "pk": 114, "fields": {"address1": "202-07 56TH AVE.", "address2": "", "country": "US", "state": "NY", "city": "OAKLAND GARDENS", "zipcode": "11364"}}, {"model": "store.billingaddress", "pk": 115, "fields": {"address1": "202-07 56TH AVE.", "address2": "", "country": "US", "state": "NY", "city": "OAKLAND GARDENS", "zipcode": "11364"}}, {"model": "store.billingaddress", "pk": 116, "fields": {"address1": "202-07 56TH AVE.", "address2": "", "country": "US", "state": "NY", "city": "OAKLAND GARDENS", "zipcode": "11364"}}, {"model": "store.billingaddress", "pk": 117, "fields": {"address1": "202-07 56TH AVE.", "address2": "", "country": "US", "state": "NY", "city": "OAKLAND GARDENS", "zipcode": "11364"}}, {"model": "store.billingaddress", "pk": 118, "fields": {"address1": "202-07 56TH AVE.", "address2": "", "country": "US", "state": "NY", "city": "OAKLAND GARDENS", "zipcode": "11364"}}, {"model": "store.billingaddress", "pk": 119, "fields": {"address1": "202-07 56TH AVE.", "address2": "", "country": "US", "state": "NY", "city": "OAKLAND GARDENS", "zipcode": "11364"}}, {"model": "store.billingaddress", "pk": 120, "fields": {"address1": "202-07 56TH AVE.", "address2": "", "country": "US", "state": "NY", "city": "OAKLAND GARDENS", "zipcode": "11364"}}, {"model": "store.billingaddress", "pk": 121, "fields": {"address1": "202-07 56TH AVE.", "address2": "", "country": "US", "state": "NY", "city": "OAKLAND GARDENS", "zipcode": "11364"}}, {"model": "store.billingaddress", "pk": 122, "fields": {"address1": "202-07 56TH AVE.", "address2": "", "country": "US", "state": "NY", "city": "OAKLAND GARDENS", "zipcode": "11364"}}, {"model": "store.billingaddress", "pk": 123, "fields": {"address1": "202-07 56TH AVE.", "address2": "", "country": "US", "state": "NY", "city": "OAKLAND GARDENS", "zipcode": "11365"}}, {"model": "store.billingaddress", "pk": 124, "fields": {"address1": "202-07 56TH AVE.", "address2": "", "country": "US", "state": "NY", "city": "OAKLAND GARDENS", "zipcode": "11365"}}, {"model": "store.billingaddress", "pk": 125, "fields": {"address1": "202-07 56TH AVE.", "address2": "", "country": "US", "state": "NY", "city": "OAKLAND GARDENS", "zipcode": "11365"}}, {"model": "store.billingaddress", "pk": 126, "fields": {"address1": "202-07 56TH AVE.", "address2": "", "country": "US", "state": "NY", "city": "OAKLAND GARDENS", "zipcode": "11365"}}, {"model": "store.billingaddress", "pk": 127, "fields": {"address1": "202-07 56TH AVE.", "address2": "", "country": "US", "state": "NY", "city": "OAKLAND GARDENS", "zipcode": "11365"}}, {"model": "store.billingaddress", "pk": 128, "fields": {"address1": "202-07 56TH AVE.", "address2": "", "country": "US", "state": "NY", "city": "OAKLAND GARDENS", "zipcode": "11365"}}, {"model": "store.billingaddress", "pk": 129, "fields": {"address1": "202-07 56TH AVE.", "address2": "", "country": "US", "state": "NY", "city": "OAKLAND GARDENS", "zipcode": "11364"}}, {"model": "store.billingaddress", "pk": 130, "fields": {"address1": "202-07 56TH AVE.", "address2": "", "country": "US", "state": "NY", "city": "OAKLAND GARDENS", "zipcode": "11364"}}, {"model": "store.billingaddress", "pk": 131, "fields": {"address1": "202-07 56TH AVE.", "address2": "", "country": "US", "state": "NY", "city": "OAKLAND GARDENS", "zipcode": "11364"}}, {"model": "store.billingaddress", "pk": 132, "fields": {"address1": "202-07 56TH AVE.", "address2": "", "country": "US", "state": "NY", "city": "OAKLAND GARDENS", "zipcode": "11364"}}, {"model": "store.billingaddress", "pk": 133, "fields": {"address1": "202-07 56TH AVE.", "address2": "", "country": "US", "state": "NY", "city": "OAKLAND GARDENS", "zipcode": "11364"}}, {"model": "store.billingaddress", "pk": 134, "fields": {"address1": "202-07 56TH AVE.", "address2": "", "country": "US", "state": "NY", "city": "OAKLAND GARDENS", "zipcode": "11364"}}, {"model": "store.billingaddress", "pk": 135, "fields": {"address1": "202-07 56TH AVE.", "address2": "", "country": "US", "state": "NY", "city": "OAKLAND GARDENS", "zipcode": "11364"}}, {"model": "store.billingaddress", "pk": 136, "fields": {"address1": "202-07 56TH AVE.", "address2": "", "country": "US", "state": "NY", "city": "OAKLAND GARDENS", "zipcode": "11364"}}, {"model": "store.billingaddress", "pk": 137, "fields": {"address1": "202-07 56TH AVE.", "address2": "", "country": "US", "state": "NY", "city": "OAKLAND GARDENS", "zipcode": "11364"}}, {"model": "store.billingaddress", "pk": 138, "fields": {"address1": "202-07 56TH AVE.", "address2": "", "country": "US", "state": "NY", "city": "OAKLAND GARDENS", "zipcode": "11364"}}, {"model": "store.billingaddress", "pk": 139, "fields": {"address1": "202-07 56TH AVE.", "address2": "", "country": "US", "state": "NY", "city": "OAKLAND GARDENS", "zipcode": "11364"}}, {"model": "store.billingaddress", "pk": 140, "fields": {"address1": "202-07 56TH AVE.", "address2": "", "country": "US", "state": "NY", "city": "OAKLAND GARDENS", "zipcode": "11364"}}, {"model": "store.billingaddress", "pk": 141, "fields": {"address1": "202-07 56TH AVE.", "address2": "", "country": "US", "state": "NY", "city": "OAKLAND GARDENS", "zipcode": "11364"}}, {"model": "store.billingaddress", "pk": 142, "fields": {"address1": "202-07 56TH AVE.", "address2": "", "country": "US", "state": "NY", "city": "OAKLAND GARDENS", "zipcode": "11364"}}, {"model": "store.billingaddress", "pk": 143, "fields": {"address1": "202-07 56TH AVE.", "address2": "", "country": "US", "state": "NY", "city": "OAKLAND GARDENS", "zipcode": "11364"}}, {"model": "store.billingaddress", "pk": 144, "fields": {"address1": "202-07 56TH AVE.", "address2": "", "country": "US", "state": "NY", "city": "OAKLAND GARDENS", "zipcode": "11364"}}, {"model": "store.billingaddress", "pk": 145, "fields": {"address1": "202-07 56TH AVE.", "address2": "", "country": "US", "state": "NY", "city": "OAKLAND GARDENS", "zipcode": "11364"}}, {"model": "store.billingaddress", "pk": 146, "fields": {"address1": "202-07 56TH AVE.", "address2": "", "country": "US", "state": "NY", "city": "OAKLAND GARDENS", "zipcode": "11364"}}, {"model": "store.billingaddress", "pk": 147, "fields": {"address1": "202-07 56TH AVE.", "address2": "", "country": "US", "state": "NY", "city": "OAKLAND GARDENS", "zipcode": "11364"}}, {"model": "store.billingaddress", "pk": 148, "fields": {"address1": "202-07 56TH AVE.", "address2": "", "country": "US", "state": "NY", "city": "OAKLAND GARDENS", "zipcode": "11364"}}, {"model": "store.billingaddress", "pk": 149, "fields": {"address1": "202-07 56TH AVE.", "address2": "", "country": "US", "state": "NY", "city": "OAKLAND GARDENS", "zipcode": "11364"}}, {"model": "store.billingaddress", "pk": 150, "fields": {"address1": "202-07 56TH AVE.", "address2": "", "country": "US", "state": "NY", "city": "OAKLAND GARDENS", "zipcode": "11364"}}, {"model": "store.billingaddress", "pk": 151, "fields": {"address1": "202-07 56TH AVE.", "address2": "", "country": "US", "state": "NY", "city": "OAKLAND GARDENS", "zipcode": "11364"}}, {"model": "store.billingaddress", "pk": 152, "fields": {"address1": "202-07 56TH AVE.", "address2": "", "country": "US", "state": "NY", "city": "OAKLAND GARDENS", "zipcode": "11364"}}, {"model": "store.billingaddress", "pk": 153, "fields": {"address1": "202-07 56TH AVE.", "address2": "", "country": "US", "state": "NY", "city": "OAKLAND GARDENS", "zipcode": "11364"}}, {"model": "store.billingaddress", "pk": 154, "fields": {"address1": "202-07 56TH AVE.", "address2": "", "country": "US", "state": "NY", "city": "OAKLAND GARDENS", "zipcode": "11364"}}, {"model": "store.billingaddress", "pk": 155, "fields": {"address1": "202-07 56TH AVE.", "address2": "", "country": "US", "state": "NY", "city": "OAKLAND GARDENS", "zipcode": "11364"}}, {"model": "store.billingaddress", "pk": 156, "fields": {"address1": "202-07 56TH AVE.", "address2": "", "country": "US", "state": "NY", "city": "OAKLAND GARDENS", "zipcode": "11364"}}, {"model": "store.billingaddress", "pk": 157, "fields": {"address1": "202-07 56TH AVE.", "address2": "", "country": "US", "state": "NY", "city": "OAKLAND GARDENS", "zipcode": "11364"}}, {"model": "store.billingaddress", "pk": 158, "fields": {"address1": "202-07 56TH AVE.", "address2": "", "country": "US", "state": "NY", "city": "OAKLAND GARDENS", "zipcode": "11364"}}, {"model": "store.billingaddress", "pk": 159, "fields": {"address1": "202-07 56TH AVE.", "address2": "", "country": "US", "state": "NY", "city": "OAKLAND GARDENS", "zipcode": "11364"}}, {"model": "store.billingaddress", "pk": 160, "fields": {"address1": "202-07 56TH AVE.", "address2": "", "country": "US", "state": "NY", "city": "OAKLAND GARDENS", "zipcode": "11364"}}, {"model": "store.billingaddress", "pk": 161, "fields": {"address1": "202-07 56TH AVE.", "address2": "", "country": "US", "state": "NY", "city": "OAKLAND GARDENS", "zipcode": "11364"}}, {"model": "store.billingaddress", "pk": 162, "fields": {"address1": "202-07 56TH AVE.", "address2": "", "country": "US", "state": "NY", "city": "OAKLAND GARDENS", "zipcode": "11364"}}, {"model": "store.billingaddress", "pk": 163, "fields": {"address1": "202-07 56TH AVE.", "address2": "", "country": "US", "state": "NY", "city": "OAKLAND GARDENS", "zipcode": "11364"}}, {"model": "store.billingaddress", "pk": 164, "fields": {"address1": "202-07 56TH AVE.", "address2": "", "country": "US", "state": "NY", "city": "OAKLAND GARDENS", "zipcode": "11364"}}, {"model": "store.billingaddress", "pk": 165, "fields": {"address1": "202-07 56TH AVE.", "address2": "", "country": "US", "state": "NY", "city": "OAKLAND GARDENS", "zipcode": "11364"}}, {"model": "store.billingaddress", "pk": 166, "fields": {"address1": "202-07 56TH AVE.", "address2": "", "country": "US", "state": "NY", "city": "OAKLAND GARDENS", "zipcode": "11364"}}, {"model": "store.billingaddress", "pk": 167, "fields": {"address1": "202-07 56TH AVE.", "address2": "", "country": "US", "state": "NY", "city": "OAKLAND GARDENS", "zipcode": "11364"}}, {"model": "store.billingaddress", "pk": 168, "fields": {"address1": "202-07 56TH AVE.", "address2": "", "country": "US", "state": "NY", "city": "OAKLAND GARDENS", "zipcode": "11364"}}, {"model": "store.billingaddress", "pk": 169, "fields": {"address1": "202-07 56TH AVE.", "address2": "", "country": "US", "state": "NY", "city": "OAKLAND GARDENS", "zipcode": "11364"}}, {"model": "store.billingaddress", "pk": 170, "fields": {"address1": "202-07 56TH AVE.", "address2": "", "country": "US", "state": "NY", "city": "OAKLAND GARDENS", "zipcode": "11364"}}, {"model": "store.billingaddress", "pk": 171, "fields": {"address1": "202-07 56TH AVE.", "address2": "", "country": "US", "state": "NY", "city": "OAKLAND GARDENS", "zipcode": "11364"}}, {"model": "store.billingaddress", "pk": 172, "fields": {"address1": "202-07 56TH AVE.", "address2": "", "country": "US", "state": "NY", "city": "OAKLAND GARDENS", "zipcode": "11364"}}, {"model": "store.billingaddress", "pk": 173, "fields": {"address1": "202-07 56TH AVE.", "address2": "", "country": "US", "state": "NY", "city": "OAKLAND GARDENS", "zipcode": "11364"}}, {"model": "store.billingaddress", "pk": 174, "fields": {"address1": "202-07 56TH AVE.", "address2": "", "country": "US", "state": "NY", "city": "OAKLAND GARDENS", "zipcode": "11364"}}, {"model": "store.billingaddress", "pk": 175, "fields": {"address1": "202-07 56TH AVE.", "address2": "", "country": "US", "state": "NY", "city": "OAKLAND GARDENS", "zipcode": "11364"}}, {"model": "store.billingaddress", "pk": 176, "fields": {"address1": "202-07 56TH AVE.", "address2": "", "country": "US", "state": "NY", "city": "OAKLAND GARDENS", "zipcode": "11364"}}, {"model": "store.billingaddress", "pk": 177, "fields": {"address1": "202-07 56TH AVE.", "address2": "", "country": "US", "state": "NY", "city": "OAKLAND GARDENS", "zipcode": "11364"}}, {"model": "store.billingaddress", "pk": 178, "fields": {"address1": "202-07 56TH AVE.", "address2": "", "country": "US", "state": "NY", "city": "OAKLAND GARDENS", "zipcode": "11364"}}, {"model": "store.billingaddress", "pk": 179, "fields": {"address1": "202-07 56TH AVE.", "address2": "", "country": "US", "state": "NY", "city": "OAKLAND GARDENS", "zipcode": "11364"}}, {"model": "store.billingaddress", "pk": 180, "fields": {"address1": "202-07 56TH AVE.", "address2": "", "country": "US", "state": "NY", "city": "OAKLAND GARDENS", "zipcode": "11364"}}, {"model": "store.billingaddress", "pk": 181, "fields": {"address1": "202-07 56TH AVE.", "address2": "", "country": "US", "state": "NY", "city": "OAKLAND GARDENS", "zipcode": "11364"}}, {"model": "store.billingaddress", "pk": 182, "fields": {"address1": "202-07 56TH AVE.", "address2": "", "country": "US", "state": "NY", "city": "OAKLAND GARDENS", "zipcode": "11364"}}, {"model": "store.billingaddress", "pk": 183, "fields": {"address1": "202-07 56TH AVE.", "address2": "", "country": "US", "state": "NY", "city": "OAKLAND GARDENS", "zipcode": "11364"}}, {"model": "store.billingaddress", "pk": 184, "fields": {"address1": "202-07 56TH AVE.", "address2": "", "country": "US", "state": "NY", "city": "OAKLAND GARDENS", "zipcode": "11364"}}, {"model": "store.billingaddress", "pk": 185, "fields": {"address1": "202-07 56TH AVE.", "address2": "", "country": "US", "state": "NY", "city": "OAKLAND GARDENS", "zipcode": "11364"}}, {"model": "store.billingaddress", "pk": 186, "fields": {"address1": "202-07 56TH AVE.", "address2": "", "country": "US", "state": "NY", "city": "OAKLAND GARDENS", "zipcode": "11364"}}, {"model": "store.billingaddress", "pk": 187, "fields": {"address1": "202-07 56TH AVE.", "address2": "", "country": "US", "state": "NY", "city": "OAKLAND GARDENS", "zipcode": "11365"}}, {"model": "store.billingaddress", "pk": 188, "fields": {"address1": "202-07 56TH AVE.", "address2": "", "country": "US", "state": "NY", "city": "OAKLAND GARDENS", "zipcode": "11365"}}, {"model": "store.billingaddress", "pk": 189, "fields": {"address1": "202-07 56TH AVE.", "address2": "", "country": "US", "state": "NY", "city": "OAKLAND GARDENS", "zipcode": "11364"}}, {"model": "store.billingaddress", "pk": 190, "fields": {"address1": "202-07 56TH AVE.", "address2": "", "country": "US", "state": "NY", "city": "OAKLAND GARDENS", "zipcode": "11364"}}, {"model": "store.billingaddress", "pk": 191, "fields": {"address1": "202-07 56TH AVE.", "address2": "", "country": "US", "state": "NY", "city": "OAKLAND GARDENS", "zipcode": "11364"}}, {"model": "store.billingaddress", "pk": 192, "fields": {"address1": "202-07 56TH AVE.", "address2": "", "country": "US", "state": "NY", "city": "OAKLAND GARDENS", "zipcode": "11364"}}, {"model": "store.billingaddress", "pk": 193, "fields": {"address1": "202-07 56TH AVE.", "address2": "", "country": "US", "state": "NY", "city": "OAKLAND GARDENS", "zipcode": "11364"}}, {"model": "store.billingaddress", "pk": 194, "fields": {"address1": "202-07 56TH AVE.", "address2": "", "country": "US", "state": "NY", "city": "OAKLAND GARDENS", "zipcode": "11364"}}, {"model": "store.billingaddress", "pk": 195, "fields": {"address1": "202-07 56TH AVE.", "address2": "", "country": "US", "state": "NY", "city": "OAKLAND GARDENS", "zipcode": "11364"}}, {"model": "store.billingaddress", "pk": 196, "fields": {"address1": "202-07 56TH AVE.", "address2": "", "country": "US", "state": "NY", "city": "OAKLAND GARDENS", "zipcode": "11364"}}, {"model": "store.billingaddress", "pk": 197, "fields": {"address1": "202-07 56TH AVE.", "address2": "", "country": "US", "state": "NY", "city": "OAKLAND GARDENS", "zipcode": "11364"}}, {"model": "store.billingaddress", "pk": 198, "fields": {"address1": "202-07 56TH AVE.", "address2": "", "country": "US", "state": "NY", "city": "OAKLAND GARDENS", "zipcode": "11364"}}, {"model": "store.billingaddress", "pk": 199, "fields": {"address1": "202-07 56TH AVE.", "address2": "", "country": "US", "state": "NY", "city": "OAKLAND GARDENS", "zipcode": "11364"}}, {"model": "store.billingaddress", "pk": 200, "fields": {"address1": "202-07 56TH AVE.", "address2": "", "country": "US", "state": "NY", "city": "OAKLAND GARDENS", "zipcode": "11364"}}, {"model": "store.billingaddress", "pk": 201, "fields": {"address1": "202-07 56TH AVE.", "address2": "", "country": "US", "state": "NY", "city": "OAKLAND GARDENS", "zipcode": "11364"}}, {"model": "store.billingaddress", "pk": 202, "fields": {"address1": "202-07 56TH AVE.", "address2": "", "country": "US", "state": "NY", "city": "OAKLAND GARDENS", "zipcode": "11364"}}, {"model": "store.billingaddress", "pk": 203, "fields": {"address1": "202-07 56TH AVE.", "address2": "", "country": "US", "state": "NY", "city": "OAKLAND GARDENS", "zipcode": "11364"}}, {"model": "store.billingaddress", "pk": 204, "fields": {"address1": "202-07 56TH AVE.", "address2": "", "country": "US", "state": "NY", "city": "OAKLAND GARDENS", "zipcode": "11364"}}, {"model": "store.billingaddress", "pk": 205, "fields": {"address1": "202-07 56TH AVE.", "address2": "", "country": "US", "state": "NY", "city": "OAKLAND GARDENS", "zipcode": "11364"}}, {"model": "store.billingaddress", "pk": 206, "fields": {"address1": "202-07 56TH AVE.", "address2": "", "country": "US", "state": "NY", "city": "OAKLAND GARDENS", "zipcode": "11364"}}, {"model": "store.billingaddress", "pk": 207, "fields": {"address1": "202-07 56TH AVE.", "address2": "", "country": "US", "state": "NY", "city": "OAKLAND GARDENS", "zipcode": "11364"}}, {"model": "store.billingaddress", "pk": 208, "fields": {"address1": "202-07 56TH AVE.", "address2": "", "country": "US", "state": "NY", "city": "OAKLAND GARDENS", "zipcode": "11364"}}, {"model": "store.billingaddress", "pk": 209, "fields": {"address1": "202-07 56TH AVE.", "address2": "", "country": "US", "state": "NY", "city": "OAKLAND GARDENS", "zipcode": "11364"}}, {"model": "store.billingaddress", "pk": 210, "fields": {"address1": "202-07 56TH AVE.", "address2": "", "country": "US", "state": "NY", "city": "OAKLAND GARDENS", "zipcode": "11364"}}, {"model": "store.billingaddress", "pk": 211, "fields": {"address1": "202-07 56TH AVE.", "address2": "", "country": "US", "state": "NY", "city": "OAKLAND GARDENS", "zipcode": "11364"}}, {"model": "store.billingaddress", "pk": 212, "fields": {"address1": "202-07 56TH AVE.", "address2": "", "country": "US", "state": "NY", "city": "OAKLAND GARDENS", "zipcode": "11364"}}, {"model": "store.billingaddress", "pk": 213, "fields": {"address1": "202-07 56TH AVE.", "address2": "", "country": "US", "state": "NY", "city": "OAKLAND GARDENS", "zipcode": "11364"}}, {"model": "store.billingaddress", "pk": 214, "fields": {"address1": "202-07 56TH AVE.", "address2": "", "country": "US", "state": "NY", "city": "OAKLAND GARDENS", "zipcode": "11364"}}, {"model": "store.billingaddress", "pk": 215, "fields": {"address1": "202-07 56TH AVE.", "address2": "", "country": "US", "state": "NY", "city": "OAKLAND GARDENS", "zipcode": "11364"}}, {"model": "store.billingaddress", "pk": 216, "fields": {"address1": "202-07 56TH AVE.", "address2": "", "country": "US", "state": "NY", "city": "OAKLAND GARDENS", "zipcode": "11364"}}, {"model": "store.billingaddress", "pk": 217, "fields": {"address1": "202-07 56TH AVE.", "address2": "", "country": "US", "state": "NY", "city": "OAKLAND GARDENS", "zipcode": "11364"}}, {"model": "store.billingaddress", "pk": 218, "fields": {"address1": "202-07 56TH AVE.", "address2": "", "country": "US", "state": "NY", "city": "OAKLAND GARDENS", "zipcode": "11364"}}, {"model": "store.billingaddress", "pk": 219, "fields": {"address1": "202-07 56TH AVE.", "address2": "", "country": "US", "state": "NY", "city": "OAKLAND GARDENS", "zipcode": "11364"}}, {"model": "store.billingaddress", "pk": 220, "fields": {"address1": "202-07 56TH AVE.", "address2": "", "country": "US", "state": "NY", "city": "OAKLAND GARDENS", "zipcode": "11364"}}, {"model": "store.billingaddress", "pk": 221, "fields": {"address1": "202-07 56TH AVE.", "address2": "", "country": "US", "state": "NY", "city": "OAKLAND GARDENS", "zipcode": "11364"}}, {"model": "store.billingaddress", "pk": 222, "fields": {"address1": "202-07 56TH AVE.", "address2": "", "country": "US", "state": "NY", "city": "OAKLAND GARDENS", "zipcode": "11364"}}, {"model": "store.shippingaddress", "pk": 9, "fields": {}}, {"model": "store.shippingaddress", "pk": 11, "fields": {}}, {"model": "store.shippingaddress", "pk": 13, "fields": {}}, {"model": "store.shippingaddress", "pk": 15, "fields": {}}, {"model": "store.shippingaddress", "pk": 17, "fields": {}}, {"model": "store.shippingaddress", "pk": 19, "fields": {}}, {"model": "store.shippingaddress", "pk": 21, "fields": {}}, {"model": "store.shippingaddress", "pk": 23, "fields": {}}, {"model": "store.shippingaddress", "pk": 25, "fields": {}}, {"model": "store.shippingaddress", "pk": 27, "fields": {}}, {"model": "store.shippingaddress", "pk": 29, "fields": {}}, {"model": "store.shippingaddress", "pk": 31, "fields": {}}, {"model": "store.shippingaddress", "pk": 33, "fields": {}}, {"model": "store.shippingaddress", "pk": 35, "fields": {}}, {"model": "store.shippingaddress", "pk": 37, "fields": {}}, {"model": "store.shippingaddress", "pk": 39, "fields": {}}, {"model": "store.shippingaddress", "pk": 41, "fields": {}}, {"model": "store.shippingaddress", "pk": 42, "fields": {}}, {"model": "store.shippingaddress", "pk": 44, "fields": {}}, {"model": "store.shippingaddress", "pk": 46, "fields": {}}, {"model": "store.shippingaddress", "pk": 48, "fields": {}}, {"model": "store.shippingaddress", "pk": 50, "fields": {}}, {"model": "store.shippingaddress", "pk": 52, "fields": {}}, {"model": "store.shippingaddress", "pk": 54, "fields": {}}, {"model": "store.shippingaddress", "pk": 56, "fields": {}}, {"model": "store.shippingaddress", "pk": 57, "fields": {}}, {"model": "store.shippingaddress", "pk": 58, "fields": {}}, {"model": "store.shippingaddress", "pk": 59, "fields": {}}, {"model": "store.shippingaddress", "pk": 61, "fields": {}}, {"model": "store.shippingaddress", "pk": 63, "fields": {}}, {"model": "store.shippingaddress", "pk": 64, "fields": {}}, {"model": "store.shippingaddress", "pk": 65, "fields": {}}, {"model": "store.shippingaddress", "pk": 67, "fields": {}}, {"model": "store.shippingaddress", "pk": 68, "fields": {}}, {"model": "store.shippingaddress", "pk": 69, "fields": {}}, {"model": "store.shippingaddress", "pk": 70, "fields": {}}, {"model": "store.shippingaddress", "pk": 71, "fields": {}}, {"model": "store.shippingaddress", "pk": 73, "fields": {}}, {"model": "store.shippingaddress", "pk": 75, "fields": {}}, {"model": "store.shippingaddress", "pk": 76, "fields": {}}, {"model": "store.shippingaddress", "pk": 78, "fields": {}}, {"model": "store.shippingaddress", "pk": 79, "fields": {}}, {"model": "store.shippingaddress", "pk": 81, "fields": {}}, {"model": "store.shippingaddress", "pk": 83, "fields": {}}, {"model": "store.shippingaddress", "pk": 85, "fields": {}}, {"model": "store.shippingaddress", "pk": 87, "fields": {}}, {"model": "store.shippingaddress", "pk": 89, "fields": {}}, {"model": "store.shippingaddress", "pk": 91, "fields": {}}, {"model": "store.shippingaddress", "pk": 93, "fields": {}}, {"model": "store.shippingaddress", "pk": 95, "fields": {}}, {"model": "store.shippingaddress", "pk": 97, "fields": {}}, {"model": "store.shippingaddress", "pk": 99, "fields": {}}, {"model": "store.shippingaddress", "pk": 101, "fields": {}}, {"model": "store.shippingaddress", "pk": 103, "fields": {}}, {"model": "store.shippingaddress", "pk": 105, "fields": {}}, {"model": "store.shippingaddress", "pk": 107, "fields": {}}, {"model": "store.shippingaddress", "pk": 109, "fields": {}}, {"model": "store.shippingaddress", "pk": 111, "fields": {}}, {"model": "store.shippingaddress", "pk": 113, "fields": {}}, {"model": "store.shippingaddress", "pk": 115, "fields": {}}, {"model": "store.shippingaddress", "pk": 117, "fields": {}}, {"model": "store.shippingaddress", "pk": 119, "fields": {}}, {"model": "store.shippingaddress", "pk": 121, "fields": {}}, {"model": "store.shippingaddress", "pk": 123, "fields": {}}, {"model": "store.shippingaddress", "pk": 125, "fields": {}}, {"model": "store.shippingaddress", "pk": 127, "fields": {}}, {"model": "store.shippingaddress", "pk": 129, "fields": {}}, {"model": "store.shippingaddress", "pk": 131, "fields": {}}, {"model": "store.shippingaddress", "pk": 133, "fields": {}}, {"model": "store.shippingaddress", "pk": 135, "fields": {}}, {"model": "store.shippingaddress", "pk": 137, "fields": {}}, {"model": "store.shippingaddress", "pk": 139, "fields": {}}, {"model": "store.shippingaddress", "pk": 141, "fields": {}}, {"model": "store.shippingaddress", "pk": 143, "fields": {}}, {"model": "store.shippingaddress", "pk": 145, "fields": {}}, {"model": "store.shippingaddress", "pk": 147, "fields": {}}, {"model": "store.shippingaddress", "pk": 149, "fields": {}}, {"model": "store.shippingaddress", "pk": 151, "fields": {}}, {"model": "store.shippingaddress", "pk": 153, "fields": {}}, {"model": "store.shippingaddress", "pk": 155, "fields": {}}, {"model": "store.shippingaddress", "pk": 157, "fields": {}}, {"model": "store.shippingaddress", "pk": 159, "fields": {}}, {"model": "store.shippingaddress", "pk": 161, "fields": {}}, {"model": "store.shippingaddress", "pk": 163, "fields": {}}, {"model": "store.shippingaddress", "pk": 165, "fields": {}}, {"model": "store.shippingaddress", "pk": 167, "fields": {}}, {"model": "store.shippingaddress", "pk": 169, "fields": {}}, {"model": "store.shippingaddress", "pk": 171, "fields": {}}, {"model": "store.shippingaddress", "pk": 173, "fields": {}}, {"model": "store.shippingaddress", "pk": 175, "fields": {}}, {"model": "store.shippingaddress", "pk": 177, "fields": {}}, {"model": "store.shippingaddress", "pk": 179, "fields": {}}, {"model": "store.shippingaddress", "pk": 181, "fields": {}}, {"model": "store.shippingaddress", "pk": 183, "fields": {}}, {"model": "store.shippingaddress", "pk": 185, "fields": {}}, {"model": "store.shippingaddress", "pk": 187, "fields": {}}, {"model": "store.shippingaddress", "pk": 189, "fields": {}}, {"model": "store.shippingaddress", "pk": 191, "fields": {}}, {"model": "store.shippingaddress", "pk": 193, "fields": {}}, {"model": "store.shippingaddress", "pk": 195, "fields": {}}, {"model": "store.shippingaddress", "pk": 197, "fields": {}}, {"model": "store.shippingaddress", "pk": 199, "fields": {}}, {"model": "store.shippingaddress", "pk": 201, "fields": {}}, {"model": "store.shippingaddress", "pk": 203, "fields": {}}, {"model": "store.shippingaddress", "pk": 205, "fields": {}}, {"model": "store.shippingaddress", "pk": 207, "fields": {}}, {"model": "store.shippingaddress", "pk": 209, "fields": {}}, {"model": "store.shippingaddress", "pk": 211, "fields": {}}, {"model": "store.shippingaddress", "pk": 213, "fields": {}}, {"model": "store.shippingaddress", "pk": 215, "fields": {}}, {"model": "store.shippingaddress", "pk": 217, "fields": {}}, {"model": "store.shippingaddress", "pk": 219, "fields": {}}, {"model": "store.shippingaddress", "pk": 221, "fields": {}}, {"model": "contenttypes.contenttype", "pk": 1, "fields": {"app_label": "users", "model": "profile"}}, {"model": "contenttypes.contenttype", "pk": 2, "fields": {"app_label": "blog", "model": "post"}}, {"model": "contenttypes.contenttype", "pk": 3, "fields": {"app_label": "projects", "model": "project"}}, {"model": "contenttypes.contenttype", "pk": 4, "fields": {"app_label": "admin", "model": "logentry"}}, {"model": "contenttypes.contenttype", "pk": 5, "fields": {"app_label": "auth", "model": "permission"}}, {"model": "contenttypes.contenttype", "pk": 6, "fields": {"app_label": "auth", "model": "group"}}, {"model": "contenttypes.contenttype", "pk": 7, "fields": {"app_label": "auth", "model": "user"}}, {"model": "contenttypes.contenttype", "pk": 8, "fields": {"app_label": "contenttypes", "model": "contenttype"}}, {"model": "contenttypes.contenttype", "pk": 9, "fields": {"app_label": "sessions", "model": "session"}}, {"model": "contenttypes.contenttype", "pk": 10, "fields": {"app_label": "leads", "model": "lead"}}, {"model": "contenttypes.contenttype", "pk": 11, "fields": {"app_label": "taggit", "model": "tag"}}, {"model": "contenttypes.contenttype", "pk": 12, "fields": {"app_label": "taggit", "model": "taggeditem"}}, {"model": "contenttypes.contenttype", "pk": 13, "fields": {"app_label": "store", "model": "product"}}, {"model": "contenttypes.contenttype", "pk": 14, "fields": {"app_label": "store", "model": "cartitem"}}, {"model": "contenttypes.contenttype", "pk": 15, "fields": {"app_label": "store", "model": "cart"}}, {"model": "contenttypes.contenttype", "pk": 16, "fields": {"app_label": "store", "model": "billingaddress"}}, {"model": "contenttypes.contenttype", "pk": 17, "fields": {"app_label": "store", "model": "shippingaddress"}}, {"model": "contenttypes.contenttype", "pk": 18, "fields": {"app_label": "ipn", "model": "paypalipn"}}, {"model": "contenttypes.contenttype", "pk": 19, "fields": {"app_label": "store", "model": "contactinfo"}}, {"model": "sessions.session", "pk": "7ndi1fqlct4ctvzjjw46lay47p03w00l", "fields": {"session_data": "OTM5OWJjZmQyNmQ3NjY5YjRkY2FlZjE2Y2Y4NTU2ZGE3ZDY0YTViZjp7Il9hdXRoX3VzZXJfaWQiOiIxIiwiX2F1dGhfdXNlcl9iYWNrZW5kIjoiZGphbmdvLmNvbnRyaWIuYXV0aC5iYWNrZW5kcy5Nb2RlbEJhY2tlbmQiLCJfYXV0aF91c2VyX2hhc2giOiIzZjUxZTRlMWFhYjZiM2RlYmIyYzA0YTY4MDM1NGMyY2JkNmE1MTk4In0=", "expire_date": "2020-10-08T23:56:30.851Z"}}, {"model": "sessions.session", "pk": "dxxvwz21tmhkjqb5eeww1mbcwda2gj2z", "fields": {"session_data": "OTM5OWJjZmQyNmQ3NjY5YjRkY2FlZjE2Y2Y4NTU2ZGE3ZDY0YTViZjp7Il9hdXRoX3VzZXJfaWQiOiIxIiwiX2F1dGhfdXNlcl9iYWNrZW5kIjoiZGphbmdvLmNvbnRyaWIuYXV0aC5iYWNrZW5kcy5Nb2RlbEJhY2tlbmQiLCJfYXV0aF91c2VyX2hhc2giOiIzZjUxZTRlMWFhYjZiM2RlYmIyYzA0YTY4MDM1NGMyY2JkNmE1MTk4In0=", "expire_date": "2020-09-24T03:06:29.912Z"}}, {"model": "taggit.tag", "pk": 1, "fields": {"name": "asdq", "slug": "asdq"}}, {"model": "taggit.tag", "pk": 2, "fields": {"name": "dasd", "slug": "dasd"}}, {"model": "taggit.tag", "pk": 3, "fields": {"name": "dick", "slug": "dick"}}, {"model": "taggit.tag", "pk": 4, "fields": {"name": "hello", "slug": "hello"}}, {"model": "taggit.tag", "pk": 5, "fields": {"name": "project", "slug": "project"}}, {"model": "taggit.tag", "pk": 6, "fields": {"name": "random", "slug": "random"}}, {"model": "taggit.tag", "pk": 7, "fields": {"name": "test two", "slug": "test-two"}}, {"model": "taggit.tag", "pk": 8, "fields": {"name": "auto", "slug": "auto"}}, {"model": "taggit.tag", "pk": 9, "fields": {"name": "add", "slug": "add"}}, {"model": "taggit.tag", "pk": 10, "fields": {"name": "bike", "slug": "bike"}}, {"model": "taggit.tag", "pk": 11, "fields": {"name": "new images", "slug": "new-images"}}, {"model": "taggit.tag", "pk": 12, "fields": {"name": "django", "slug": "django"}}, {"model": "taggit.tag", "pk": 13, "fields": {"name": "newpost", "slug": "newpost"}}, {"model": "taggit.taggeditem", "pk": 3, "fields": {"tag": 3, "content_type": 3, "object_id": 10}}, {"model": "taggit.taggeditem", "pk": 4, "fields": {"tag": 4, "content_type": 3, "object_id": 10}}, {"model": "taggit.taggeditem", "pk": 7, "fields": {"tag": 4, "content_type": 3, "object_id": 5}}, {"model": "taggit.taggeditem", "pk": 8, "fields": {"tag": 6, "content_type": 3, "object_id": 5}}, {"model": "taggit.taggeditem", "pk": 9, "fields": {"tag": 7, "content_type": 3, "object_id": 5}}, {"model": "taggit.taggeditem", "pk": 10, "fields": {"tag": 1, "content_type": 3, "object_id": 8}}, {"model": "taggit.taggeditem", "pk": 11, "fields": {"tag": 8, "content_type": 3, "object_id": 10}}, {"model": "taggit.taggeditem", "pk": 12, "fields": {"tag": 9, "content_type": 3, "object_id": 10}}, {"model": "taggit.taggeditem", "pk": 13, "fields": {"tag": 3, "content_type": 3, "object_id": 11}}, {"model": "taggit.taggeditem", "pk": 14, "fields": {"tag": 10, "content_type": 3, "object_id": 12}}, {"model": "taggit.taggeditem", "pk": 15, "fields": {"tag": 11, "content_type": 3, "object_id": 13}}, {"model": "taggit.taggeditem", "pk": 16, "fields": {"tag": 12, "content_type": 3, "object_id": 14}}, {"model": "auth.permission", "pk": 1, "fields": {"name": "Can add profile", "content_type": 1, "codename": "add_profile"}}, {"model": "auth.permission", "pk": 2, "fields": {"name": "Can change profile", "content_type": 1, "codename": "change_profile"}}, {"model": "auth.permission", "pk": 3, "fields": {"name": "Can delete profile", "content_type": 1, "codename": "delete_profile"}}, {"model": "auth.permission", "pk": 4, "fields": {"name": "Can view profile", "content_type": 1, "codename": "view_profile"}}, {"model": "auth.permission", "pk": 5, "fields": {"name": "Can add post", "content_type": 2, "codename": "add_post"}}, {"model": "auth.permission", "pk": 6, "fields": {"name": "Can change post", "content_type": 2, "codename": "change_post"}}, {"model": "auth.permission", "pk": 7, "fields": {"name": "Can delete post", "content_type": 2, "codename": "delete_post"}}, {"model": "auth.permission", "pk": 8, "fields": {"name": "Can view post", "content_type": 2, "codename": "view_post"}}, {"model": "auth.permission", "pk": 9, "fields": {"name": "Can add project", "content_type": 3, "codename": "add_project"}}, {"model": "auth.permission", "pk": 10, "fields": {"name": "Can change project", "content_type": 3, "codename": "change_project"}}, {"model": "auth.permission", "pk": 11, "fields": {"name": "Can delete project", "content_type": 3, "codename": "delete_project"}}, {"model": "auth.permission", "pk": 12, "fields": {"name": "Can view project", "content_type": 3, "codename": "view_project"}}, {"model": "auth.permission", "pk": 13, "fields": {"name": "Can add log entry", "content_type": 4, "codename": "add_logentry"}}, {"model": "auth.permission", "pk": 14, "fields": {"name": "Can change log entry", "content_type": 4, "codename": "change_logentry"}}, {"model": "auth.permission", "pk": 15, "fields": {"name": "Can delete log entry", "content_type": 4, "codename": "delete_logentry"}}, {"model": "auth.permission", "pk": 16, "fields": {"name": "Can view log entry", "content_type": 4, "codename": "view_logentry"}}, {"model": "auth.permission", "pk": 17, "fields": {"name": "Can add permission", "content_type": 5, "codename": "add_permission"}}, {"model": "auth.permission", "pk": 18, "fields": {"name": "Can change permission", "content_type": 5, "codename": "change_permission"}}, {"model": "auth.permission", "pk": 19, "fields": {"name": "Can delete permission", "content_type": 5, "codename": "delete_permission"}}, {"model": "auth.permission", "pk": 20, "fields": {"name": "Can view permission", "content_type": 5, "codename": "view_permission"}}, {"model": "auth.permission", "pk": 21, "fields": {"name": "Can add group", "content_type": 6, "codename": "add_group"}}, {"model": "auth.permission", "pk": 22, "fields": {"name": "Can change group", "content_type": 6, "codename": "change_group"}}, {"model": "auth.permission", "pk": 23, "fields": {"name": "Can delete group", "content_type": 6, "codename": "delete_group"}}, {"model": "auth.permission", "pk": 24, "fields": {"name": "Can view group", "content_type": 6, "codename": "view_group"}}, {"model": "auth.permission", "pk": 25, "fields": {"name": "Can add user", "content_type": 7, "codename": "add_user"}}, {"model": "auth.permission", "pk": 26, "fields": {"name": "Can change user", "content_type": 7, "codename": "change_user"}}, {"model": "auth.permission", "pk": 27, "fields": {"name": "Can delete user", "content_type": 7, "codename": "delete_user"}}, {"model": "auth.permission", "pk": 28, "fields": {"name": "Can view user", "content_type": 7, "codename": "view_user"}}, {"model": "auth.permission", "pk": 29, "fields": {"name": "Can add content type", "content_type": 8, "codename": "add_contenttype"}}, {"model": "auth.permission", "pk": 30, "fields": {"name": "Can change content type", "content_type": 8, "codename": "change_contenttype"}}, {"model": "auth.permission", "pk": 31, "fields": {"name": "Can delete content type", "content_type": 8, "codename": "delete_contenttype"}}, {"model": "auth.permission", "pk": 32, "fields": {"name": "Can view content type", "content_type": 8, "codename": "view_contenttype"}}, {"model": "auth.permission", "pk": 33, "fields": {"name": "Can add session", "content_type": 9, "codename": "add_session"}}, {"model": "auth.permission", "pk": 34, "fields": {"name": "Can change session", "content_type": 9, "codename": "change_session"}}, {"model": "auth.permission", "pk": 35, "fields": {"name": "Can delete session", "content_type": 9, "codename": "delete_session"}}, {"model": "auth.permission", "pk": 36, "fields": {"name": "Can view session", "content_type": 9, "codename": "view_session"}}, {"model": "auth.permission", "pk": 37, "fields": {"name": "Can add lead", "content_type": 10, "codename": "add_lead"}}, {"model": "auth.permission", "pk": 38, "fields": {"name": "Can change lead", "content_type": 10, "codename": "change_lead"}}, {"model": "auth.permission", "pk": 39, "fields": {"name": "Can delete lead", "content_type": 10, "codename": "delete_lead"}}, {"model": "auth.permission", "pk": 40, "fields": {"name": "Can view lead", "content_type": 10, "codename": "view_lead"}}, {"model": "auth.permission", "pk": 41, "fields": {"name": "Can add tag", "content_type": 11, "codename": "add_tag"}}, {"model": "auth.permission", "pk": 42, "fields": {"name": "Can change tag", "content_type": 11, "codename": "change_tag"}}, {"model": "auth.permission", "pk": 43, "fields": {"name": "Can delete tag", "content_type": 11, "codename": "delete_tag"}}, {"model": "auth.permission", "pk": 44, "fields": {"name": "Can view tag", "content_type": 11, "codename": "view_tag"}}, {"model": "auth.permission", "pk": 45, "fields": {"name": "Can add tagged item", "content_type": 12, "codename": "add_taggeditem"}}, {"model": "auth.permission", "pk": 46, "fields": {"name": "Can change tagged item", "content_type": 12, "codename": "change_taggeditem"}}, {"model": "auth.permission", "pk": 47, "fields": {"name": "Can delete tagged item", "content_type": 12, "codename": "delete_taggeditem"}}, {"model": "auth.permission", "pk": 48, "fields": {"name": "Can view tagged item", "content_type": 12, "codename": "view_taggeditem"}}, {"model": "auth.permission", "pk": 49, "fields": {"name": "Can add item", "content_type": 13, "codename": "add_item"}}, {"model": "auth.permission", "pk": 50, "fields": {"name": "Can change item", "content_type": 13, "codename": "change_item"}}, {"model": "auth.permission", "pk": 51, "fields": {"name": "Can delete item", "content_type": 13, "codename": "delete_item"}}, {"model": "auth.permission", "pk": 52, "fields": {"name": "Can view item", "content_type": 13, "codename": "view_item"}}, {"model": "auth.permission", "pk": 53, "fields": {"name": "Can add cart item", "content_type": 14, "codename": "add_cartitem"}}, {"model": "auth.permission", "pk": 54, "fields": {"name": "Can change cart item", "content_type": 14, "codename": "change_cartitem"}}, {"model": "auth.permission", "pk": 55, "fields": {"name": "Can delete cart item", "content_type": 14, "codename": "delete_cartitem"}}, {"model": "auth.permission", "pk": 56, "fields": {"name": "Can view cart item", "content_type": 14, "codename": "view_cartitem"}}, {"model": "auth.permission", "pk": 57, "fields": {"name": "Can add cart", "content_type": 15, "codename": "add_cart"}}, {"model": "auth.permission", "pk": 58, "fields": {"name": "Can change cart", "content_type": 15, "codename": "change_cart"}}, {"model": "auth.permission", "pk": 59, "fields": {"name": "Can delete cart", "content_type": 15, "codename": "delete_cart"}}, {"model": "auth.permission", "pk": 60, "fields": {"name": "Can view cart", "content_type": 15, "codename": "view_cart"}}, {"model": "auth.permission", "pk": 61, "fields": {"name": "Can add product", "content_type": 13, "codename": "add_product"}}, {"model": "auth.permission", "pk": 62, "fields": {"name": "Can change product", "content_type": 13, "codename": "change_product"}}, {"model": "auth.permission", "pk": 63, "fields": {"name": "Can delete product", "content_type": 13, "codename": "delete_product"}}, {"model": "auth.permission", "pk": 64, "fields": {"name": "Can view product", "content_type": 13, "codename": "view_product"}}, {"model": "auth.permission", "pk": 65, "fields": {"name": "Can add billing address", "content_type": 16, "codename": "add_billingaddress"}}, {"model": "auth.permission", "pk": 66, "fields": {"name": "Can change billing address", "content_type": 16, "codename": "change_billingaddress"}}, {"model": "auth.permission", "pk": 67, "fields": {"name": "Can delete billing address", "content_type": 16, "codename": "delete_billingaddress"}}, {"model": "auth.permission", "pk": 68, "fields": {"name": "Can view billing address", "content_type": 16, "codename": "view_billingaddress"}}, {"model": "auth.permission", "pk": 69, "fields": {"name": "Can add shipping address", "content_type": 17, "codename": "add_shippingaddress"}}, {"model": "auth.permission", "pk": 70, "fields": {"name": "Can change shipping address", "content_type": 17, "codename": "change_shippingaddress"}}, {"model": "auth.permission", "pk": 71, "fields": {"name": "Can delete shipping address", "content_type": 17, "codename": "delete_shippingaddress"}}, {"model": "auth.permission", "pk": 72, "fields": {"name": "Can view shipping address", "content_type": 17, "codename": "view_shippingaddress"}}, {"model": "auth.permission", "pk": 73, "fields": {"name": "Can add PayPal IPN", "content_type": 18, "codename": "add_paypalipn"}}, {"model": "auth.permission", "pk": 74, "fields": {"name": "Can change PayPal IPN", "content_type": 18, "codename": "change_paypalipn"}}, {"model": "auth.permission", "pk": 75, "fields": {"name": "Can delete PayPal IPN", "content_type": 18, "codename": "delete_paypalipn"}}, {"model": "auth.permission", "pk": 76, "fields": {"name": "Can view PayPal IPN", "content_type": 18, "codename": "view_paypalipn"}}, {"model": "auth.permission", "pk": 77, "fields": {"name": "Can add contact info", "content_type": 19, "codename": "add_contactinfo"}}, {"model": "auth.permission", "pk": 78, "fields": {"name": "Can change contact info", "content_type": 19, "codename": "change_contactinfo"}}, {"model": "auth.permission", "pk": 79, "fields": {"name": "Can delete contact info", "content_type": 19, "codename": "delete_contactinfo"}}, {"model": "auth.permission", "pk": 80, "fields": {"name": "Can view contact info", "content_type": 19, "codename": "view_contactinfo"}}, {"model": "auth.user", "pk": 1, "fields": {"password": "pbkdf2_sha256$180000$Giipl5PZdaVV$R1bkqeGhvEDSXNMMNOVhL6LX6xd23bKKqs0fEmn/Pw4=", "last_login": "2020-09-24T23:56:30.850Z", "is_superuser": true, "username": "npan", "first_name": "", "last_name": "", "email": "noahpan323@gmail.com", "is_staff": true, "is_active": true, "date_joined": "2020-03-31T22:00:32.389Z", "groups": [], "user_permissions": []}}, {"model": "auth.user", "pk": 2, "fields": {"password": "pbkdf2_sha256$180000$m1kBl2VR1kWD$OZu9Ii4/sqlObgWQIpGp5EtZN0Tl3KUa1Oo/UVg0Yy0=", "last_login": "2020-09-10T01:56:54.853Z", "is_superuser": false, "username": "testuser1", "first_name": "", "last_name": "", "email": "testuser1@gmail.com", "is_staff": false, "is_active": true, "date_joined": "2020-03-31T22:01:08Z", "groups": [], "user_permissions": []}}, {"model": "admin.logentry", "pk": 1, "fields": {"action_time": "2020-08-29T02:50:05.156Z", "user": 1, "content_type": 3, "object_id": "8", "object_repr": "asd", "action_flag": 2, "change_message": "[{\"changed\": {\"fields\": [\"Tags\"]}}]"}}, {"model": "admin.logentry", "pk": 2, "fields": {"action_time": "2020-08-29T17:30:25.755Z", "user": 1, "content_type": 3, "object_id": "7", "object_repr": "asd", "action_flag": 2, "change_message": "[{\"changed\": {\"fields\": [\"Tags\"]}}]"}}, {"model": "admin.logentry", "pk": 3, "fields": {"action_time": "2020-08-29T17:42:31.201Z", "user": 1, "content_type": 3, "object_id": "7", "object_repr": "asd", "action_flag": 2, "change_message": "[]"}}, {"model": "admin.logentry", "pk": 4, "fields": {"action_time": "2020-08-29T17:49:18.842Z", "user": 1, "content_type": 3, "object_id": "7", "object_repr": "asd", "action_flag": 2, "change_message": "[{\"changed\": {\"fields\": [\"Tags\"]}}]"}}, {"model": "admin.logentry", "pk": 5, "fields": {"action_time": "2020-08-29T17:49:25.467Z", "user": 1, "content_type": 3, "object_id": "7", "object_repr": "asd", "action_flag": 2, "change_message": "[]"}}, {"model": "admin.logentry", "pk": 6, "fields": {"action_time": "2020-08-29T17:49:36.330Z", "user": 1, "content_type": 3, "object_id": "8", "object_repr": "asd", "action_flag": 2, "change_message": "[{\"changed\": {\"fields\": [\"Tags\"]}}]"}}, {"model": "admin.logentry", "pk": 7, "fields": {"action_time": "2020-08-29T17:49:40.377Z", "user": 1, "content_type": 3, "object_id": "8", "object_repr": "asd", "action_flag": 2, "change_message": "[{\"changed\": {\"fields\": [\"Slug\"]}}]"}}, {"model": "admin.logentry", "pk": 8, "fields": {"action_time": "2020-08-29T17:49:54.689Z", "user": 1, "content_type": 3, "object_id": "6", "object_repr": "a", "action_flag": 2, "change_message": "[]"}}, {"model": "admin.logentry", "pk": 9, "fields": {"action_time": "2020-08-29T17:50:00.086Z", "user": 1, "content_type": 3, "object_id": "5", "object_repr": "re:3D Touchscreen Display", "action_flag": 2, "change_message": "[]"}}, {"model": "admin.logentry", "pk": 10, "fields": {"action_time": "2020-08-29T17:50:05.862Z", "user": 1, "content_type": 3, "object_id": "4", "object_repr": "3-D Printed Computer", "action_flag": 2, "change_message": "[]"}}, {"model": "admin.logentry", "pk": 11, "fields": {"action_time": "2020-08-29T17:50:11.703Z", "user": 1, "content_type": 3, "object_id": "3", "object_repr": "asd", "action_flag": 2, "change_message": "[]"}}, {"model": "admin.logentry", "pk": 12, "fields": {"action_time": "2020-08-29T17:50:17.378Z", "user": 1, "content_type": 3, "object_id": "2", "object_repr": "asd", "action_flag": 2, "change_message": "[]"}}, {"model": "admin.logentry", "pk": 13, "fields": {"action_time": "2020-08-29T17:50:23.113Z", "user": 1, "content_type": 3, "object_id": "1", "object_repr": "asd", "action_flag": 2, "change_message": "[]"}}, {"model": "admin.logentry", "pk": 14, "fields": {"action_time": "2020-08-29T18:20:34.566Z", "user": 1, "content_type": 3, "object_id": "10", "object_repr": "My First PRoject", "action_flag": 2, "change_message": "[{\"changed\": {\"fields\": [\"Tags\"]}}]"}}, {"model": "admin.logentry", "pk": 15, "fields": {"action_time": "2020-08-29T18:20:42.280Z", "user": 1, "content_type": 3, "object_id": "9", "object_repr": "My First Project", "action_flag": 2, "change_message": "[{\"changed\": {\"fields\": [\"Tags\"]}}]"}}, {"model": "admin.logentry", "pk": 16, "fields": {"action_time": "2020-08-29T18:20:49.014Z", "user": 1, "content_type": 3, "object_id": "5", "object_repr": "re:3D Touchscreen Display", "action_flag": 2, "change_message": "[{\"changed\": {\"fields\": [\"Tags\"]}}]"}}, {"model": "admin.logentry", "pk": 17, "fields": {"action_time": "2020-08-29T20:35:33.388Z", "user": 1, "content_type": 3, "object_id": "5", "object_repr": "re:3D Touchscreen Display", "action_flag": 2, "change_message": "[{\"changed\": {\"fields\": [\"Tags\"]}}]"}}, {"model": "admin.logentry", "pk": 18, "fields": {"action_time": "2020-08-30T01:41:54.158Z", "user": 1, "content_type": 3, "object_id": "9", "object_repr": "My First Project", "action_flag": 2, "change_message": "[{\"changed\": {\"fields\": [\"Tags\"]}}]"}}, {"model": "admin.logentry", "pk": 19, "fields": {"action_time": "2020-08-30T02:22:41.557Z", "user": 1, "content_type": 3, "object_id": "8", "object_repr": "asd", "action_flag": 2, "change_message": "[{\"changed\": {\"fields\": [\"Slug\", \"Tags\"]}}]"}}, {"model": "admin.logentry", "pk": 20, "fields": {"action_time": "2020-08-30T02:23:50.198Z", "user": 1, "content_type": 3, "object_id": "10", "object_repr": "My First PRoject", "action_flag": 2, "change_message": "[{\"changed\": {\"fields\": [\"Tags\"]}}]"}}, {"model": "admin.logentry", "pk": 21, "fields": {"action_time": "2020-08-30T20:38:30.534Z", "user": 1, "content_type": 3, "object_id": "14", "object_repr": "Django Website Revamp", "action_flag": 2, "change_message": "[{\"changed\": {\"fields\": [\"Tags\"]}}]"}}, {"model": "admin.logentry", "pk": 22, "fields": {"action_time": "2020-08-30T23:31:45.511Z", "user": 1, "content_type": 3, "object_id": "14", "object_repr": "Django Website Revamp", "action_flag": 2, "change_message": "[{\"changed\": {\"fields\": [\"Thumbnail\"]}}]"}}, {"model": "admin.logentry", "pk": 23, "fields": {"action_time": "2020-08-30T23:31:53.173Z", "user": 1, "content_type": 3, "object_id": "14", "object_repr": "Django Website Revamp", "action_flag": 2, "change_message": "[{\"changed\": {\"fields\": [\"Thumbnail\"]}}]"}}, {"model": "admin.logentry", "pk": 24, "fields": {"action_time": "2020-08-30T23:32:58.386Z", "user": 1, "content_type": 3, "object_id": "13", "object_repr": "Testing out My new Post form with Image support", "action_flag": 2, "change_message": "[{\"changed\": {\"fields\": [\"Thumbnail\"]}}]"}}, {"model": "admin.logentry", "pk": 25, "fields": {"action_time": "2020-08-31T00:18:08.114Z", "user": 1, "content_type": 3, "object_id": "13", "object_repr": "Testing out My new Post form with Image support", "action_flag": 2, "change_message": "[{\"changed\": {\"fields\": [\"Thumbnail\"]}}]"}}, {"model": "admin.logentry", "pk": 26, "fields": {"action_time": "2020-08-31T00:18:24.630Z", "user": 1, "content_type": 3, "object_id": "13", "object_repr": "Testing out My new Post form with Image support", "action_flag": 2, "change_message": "[{\"changed\": {\"fields\": [\"Thumbnail\"]}}]"}}, {"model": "admin.logentry", "pk": 27, "fields": {"action_time": "2020-08-31T02:11:34.647Z", "user": 1, "content_type": 3, "object_id": "12", "object_repr": "New Bike", "action_flag": 2, "change_message": "[{\"changed\": {\"fields\": [\"Content\", \"Thumbnail\"]}}]"}}, {"model": "admin.logentry", "pk": 28, "fields": {"action_time": "2020-09-01T02:41:50.563Z", "user": 1, "content_type": 2, "object_id": "27", "object_repr": "3-D Printed Computer", "action_flag": 2, "change_message": "[]"}}, {"model": "admin.logentry", "pk": 29, "fields": {"action_time": "2020-09-01T02:42:00.484Z", "user": 1, "content_type": 2, "object_id": "24", "object_repr": "My Latest Updated Post", "action_flag": 2, "change_message": "[]"}}, {"model": "admin.logentry", "pk": 30, "fields": {"action_time": "2020-09-01T02:42:09.012Z", "user": 1, "content_type": 2, "object_id": "23", "object_repr": "Top 5 YouTube Channels For Learning Programming", "action_flag": 2, "change_message": "[]"}}, {"model": "admin.logentry", "pk": 31, "fields": {"action_time": "2020-09-01T02:42:14.249Z", "user": 1, "content_type": 2, "object_id": "19", "object_repr": "5 Tips for Writing Catchy Headlines", "action_flag": 2, "change_message": "[]"}}, {"model": "admin.logentry", "pk": 32, "fields": {"action_time": "2020-09-01T02:43:50.563Z", "user": 1, "content_type": 2, "object_id": "19", "object_repr": "5 Tips for Writing Catchy Headlines", "action_flag": 2, "change_message": "[]"}}, {"model": "admin.logentry", "pk": 33, "fields": {"action_time": "2020-09-01T02:48:46.318Z", "user": 1, "content_type": 2, "object_id": "27", "object_repr": "3-D Printed Computer", "action_flag": 2, "change_message": "[]"}}, {"model": "admin.logentry", "pk": 34, "fields": {"action_time": "2020-09-01T02:48:58.119Z", "user": 1, "content_type": 2, "object_id": "27", "object_repr": "3-D Printed Computer", "action_flag": 2, "change_message": "[]"}}, {"model": "admin.logentry", "pk": 35, "fields": {"action_time": "2020-09-01T02:49:20.600Z", "user": 1, "content_type": 2, "object_id": "27", "object_repr": "3-D Printed Computer", "action_flag": 2, "change_message": "[]"}}, {"model": "admin.logentry", "pk": 36, "fields": {"action_time": "2020-09-01T02:49:31.947Z", "user": 1, "content_type": 2, "object_id": "27", "object_repr": "3-D Printed Computer", "action_flag": 2, "change_message": "[]"}}, {"model": "admin.logentry", "pk": 37, "fields": {"action_time": "2020-09-01T02:49:39.185Z", "user": 1, "content_type": 2, "object_id": "24", "object_repr": "My Latest Updated Post", "action_flag": 2, "change_message": "[]"}}, {"model": "admin.logentry", "pk": 38, "fields": {"action_time": "2020-09-01T02:49:44.360Z", "user": 1, "content_type": 2, "object_id": "8", "object_repr": "These Beers Will Improve Your Programming", "action_flag": 2, "change_message": "[]"}}, {"model": "admin.logentry", "pk": 39, "fields": {"action_time": "2020-09-01T02:49:49.815Z", "user": 1, "content_type": 2, "object_id": "13", "object_repr": "Best Programmers Throughout History", "action_flag": 2, "change_message": "[]"}}, {"model": "admin.logentry", "pk": 40, "fields": {"action_time": "2020-09-01T02:49:56.557Z", "user": 1, "content_type": 2, "object_id": "13", "object_repr": "Best Programmers Throughout History", "action_flag": 2, "change_message": "[{\"changed\": {\"fields\": [\"Content\"]}}]"}}, {"model": "admin.logentry", "pk": 41, "fields": {"action_time": "2020-09-01T02:50:02.107Z", "user": 1, "content_type": 2, "object_id": "13", "object_repr": "Best Programmers Throughout History", "action_flag": 2, "change_message": "[{\"changed\": {\"fields\": [\"Content\"]}}]"}}, {"model": "admin.logentry", "pk": 42, "fields": {"action_time": "2020-09-04T01:59:29.751Z", "user": 1, "content_type": 3, "object_id": "12", "object_repr": "New Bike", "action_flag": 2, "change_message": "[{\"changed\": {\"fields\": [\"Active\"]}}]"}}, {"model": "admin.logentry", "pk": 43, "fields": {"action_time": "2020-09-04T01:59:39.953Z", "user": 1, "content_type": 3, "object_id": "12", "object_repr": "New Bike", "action_flag": 2, "change_message": "[]"}}, {"model": "admin.logentry", "pk": 44, "fields": {"action_time": "2020-09-04T02:00:01.357Z", "user": 1, "content_type": 3, "object_id": "12", "object_repr": "New Bike", "action_flag": 2, "change_message": "[]"}}, {"model": "admin.logentry", "pk": 45, "fields": {"action_time": "2020-09-06T23:53:56.933Z", "user": 1, "content_type": 13, "object_id": "1", "object_repr": "Vase 10.00", "action_flag": 1, "change_message": "[{\"added\": {}}]"}}, {"model": "admin.logentry", "pk": 46, "fields": {"action_time": "2020-09-09T02:00:25.257Z", "user": 1, "content_type": 13, "object_id": "1", "object_repr": "Vase 10.00", "action_flag": 2, "change_message": "[]"}}, {"model": "admin.logentry", "pk": 47, "fields": {"action_time": "2020-09-09T02:00:27.440Z", "user": 1, "content_type": 13, "object_id": "1", "object_repr": "Vase 10.00", "action_flag": 2, "change_message": "[]"}}, {"model": "admin.logentry", "pk": 48, "fields": {"action_time": "2020-09-09T02:06:25.035Z", "user": 1, "content_type": 13, "object_id": "1", "object_repr": "Vase 10.00", "action_flag": 2, "change_message": "[{\"changed\": {\"fields\": [\"Quantity\"]}}]"}}, {"model": "admin.logentry", "pk": 49, "fields": {"action_time": "2020-09-09T02:13:55.808Z", "user": 1, "content_type": 14, "object_id": "3", "object_repr": "CartItem object (3)", "action_flag": 3, "change_message": ""}}, {"model": "admin.logentry", "pk": 50, "fields": {"action_time": "2020-09-09T02:13:55.816Z", "user": 1, "content_type": 14, "object_id": "2", "object_repr": "CartItem object (2)", "action_flag": 3, "change_message": ""}}, {"model": "admin.logentry", "pk": 51, "fields": {"action_time": "2020-09-09T02:13:55.816Z", "user": 1, "content_type": 14, "object_id": "1", "object_repr": "CartItem object (1)", "action_flag": 3, "change_message": ""}}, {"model": "admin.logentry", "pk": 52, "fields": {"action_time": "2020-09-09T02:14:03.863Z", "user": 1, "content_type": 15, "object_id": "1", "object_repr": "Cart object (1)", "action_flag": 3, "change_message": ""}}, {"model": "admin.logentry", "pk": 53, "fields": {"action_time": "2020-09-09T02:18:48.688Z", "user": 1, "content_type": 14, "object_id": "4", "object_repr": "Vase Quantity: 1", "action_flag": 3, "change_message": ""}}, {"model": "admin.logentry", "pk": 54, "fields": {"action_time": "2020-09-09T02:19:28.150Z", "user": 1, "content_type": 15, "object_id": "2", "object_repr": "npan's Cart: 0 Items", "action_flag": 3, "change_message": ""}}, {"model": "admin.logentry", "pk": 55, "fields": {"action_time": "2020-09-09T02:20:22.033Z", "user": 1, "content_type": 15, "object_id": "3", "object_repr": "npan's Cart: 2 Items", "action_flag": 2, "change_message": "[{\"changed\": {\"fields\": [\"Items\"]}}]"}}, {"model": "admin.logentry", "pk": 56, "fields": {"action_time": "2020-09-09T02:33:23.679Z", "user": 1, "content_type": 14, "object_id": "6", "object_repr": "Vase Quantity: 2", "action_flag": 3, "change_message": ""}}, {"model": "admin.logentry", "pk": 57, "fields": {"action_time": "2020-09-09T02:33:23.681Z", "user": 1, "content_type": 14, "object_id": "5", "object_repr": "Vase Quantity: 1", "action_flag": 3, "change_message": ""}}, {"model": "admin.logentry", "pk": 58, "fields": {"action_time": "2020-09-09T02:33:29.578Z", "user": 1, "content_type": 15, "object_id": "3", "object_repr": "npan's Cart: 0 Items", "action_flag": 3, "change_message": ""}}, {"model": "admin.logentry", "pk": 59, "fields": {"action_time": "2020-09-09T02:36:49.289Z", "user": 1, "content_type": 14, "object_id": "11", "object_repr": "Vase Quantity: 2", "action_flag": 3, "change_message": ""}}, {"model": "admin.logentry", "pk": 60, "fields": {"action_time": "2020-09-09T02:36:49.290Z", "user": 1, "content_type": 14, "object_id": "10", "object_repr": "Vase Quantity: 2", "action_flag": 3, "change_message": ""}}, {"model": "admin.logentry", "pk": 61, "fields": {"action_time": "2020-09-09T02:36:49.291Z", "user": 1, "content_type": 14, "object_id": "9", "object_repr": "Vase Quantity: 2", "action_flag": 3, "change_message": ""}}, {"model": "admin.logentry", "pk": 62, "fields": {"action_time": "2020-09-09T02:36:49.292Z", "user": 1, "content_type": 14, "object_id": "8", "object_repr": "Vase Quantity: 2", "action_flag": 3, "change_message": ""}}, {"model": "admin.logentry", "pk": 63, "fields": {"action_time": "2020-09-09T02:36:49.293Z", "user": 1, "content_type": 14, "object_id": "7", "object_repr": "Vase Quantity: 1", "action_flag": 3, "change_message": ""}}, {"model": "admin.logentry", "pk": 64, "fields": {"action_time": "2020-09-09T02:37:35.064Z", "user": 1, "content_type": 14, "object_id": "13", "object_repr": "Vase Quantity: 2", "action_flag": 3, "change_message": ""}}, {"model": "admin.logentry", "pk": 65, "fields": {"action_time": "2020-09-09T02:37:35.066Z", "user": 1, "content_type": 14, "object_id": "12", "object_repr": "Vase Quantity: 1", "action_flag": 3, "change_message": ""}}, {"model": "admin.logentry", "pk": 66, "fields": {"action_time": "2020-09-09T02:49:52.111Z", "user": 1, "content_type": 14, "object_id": "17", "object_repr": "Vase Quantity: 2", "action_flag": 3, "change_message": ""}}, {"model": "admin.logentry", "pk": 67, "fields": {"action_time": "2020-09-09T02:49:52.115Z", "user": 1, "content_type": 14, "object_id": "16", "object_repr": "Vase Quantity: 2", "action_flag": 3, "change_message": ""}}, {"model": "admin.logentry", "pk": 68, "fields": {"action_time": "2020-09-09T02:49:52.116Z", "user": 1, "content_type": 14, "object_id": "15", "object_repr": "Vase Quantity: 2", "action_flag": 3, "change_message": ""}}, {"model": "admin.logentry", "pk": 69, "fields": {"action_time": "2020-09-09T02:49:52.117Z", "user": 1, "content_type": 14, "object_id": "14", "object_repr": "Vase Quantity: 1", "action_flag": 3, "change_message": ""}}, {"model": "admin.logentry", "pk": 70, "fields": {"action_time": "2020-09-09T02:49:57.775Z", "user": 1, "content_type": 15, "object_id": "4", "object_repr": "npan's Cart: 0 Items", "action_flag": 3, "change_message": ""}}, {"model": "admin.logentry", "pk": 71, "fields": {"action_time": "2020-09-09T02:54:24.515Z", "user": 1, "content_type": 14, "object_id": "24", "object_repr": "Vase Quantity: 1", "action_flag": 3, "change_message": ""}}, {"model": "admin.logentry", "pk": 72, "fields": {"action_time": "2020-09-09T02:54:24.516Z", "user": 1, "content_type": 14, "object_id": "23", "object_repr": "Vase Quantity: 1", "action_flag": 3, "change_message": ""}}, {"model": "admin.logentry", "pk": 73, "fields": {"action_time": "2020-09-09T02:54:24.517Z", "user": 1, "content_type": 14, "object_id": "22", "object_repr": "Vase Quantity: 1", "action_flag": 3, "change_message": ""}}, {"model": "admin.logentry", "pk": 74, "fields": {"action_time": "2020-09-09T02:54:24.518Z", "user": 1, "content_type": 14, "object_id": "21", "object_repr": "Vase Quantity: 1", "action_flag": 3, "change_message": ""}}, {"model": "admin.logentry", "pk": 75, "fields": {"action_time": "2020-09-09T02:54:24.519Z", "user": 1, "content_type": 14, "object_id": "20", "object_repr": "Vase Quantity: 1", "action_flag": 3, "change_message": ""}}, {"model": "admin.logentry", "pk": 76, "fields": {"action_time": "2020-09-09T02:54:24.520Z", "user": 1, "content_type": 14, "object_id": "19", "object_repr": "Vase Quantity: 1", "action_flag": 3, "change_message": ""}}, {"model": "admin.logentry", "pk": 77, "fields": {"action_time": "2020-09-09T02:54:24.521Z", "user": 1, "content_type": 14, "object_id": "18", "object_repr": "Vase Quantity: 7", "action_flag": 3, "change_message": ""}}, {"model": "admin.logentry", "pk": 78, "fields": {"action_time": "2020-09-09T02:59:51.864Z", "user": 1, "content_type": 14, "object_id": "28", "object_repr": "Vase Quantity: 1", "action_flag": 3, "change_message": ""}}, {"model": "admin.logentry", "pk": 79, "fields": {"action_time": "2020-09-09T02:59:51.865Z", "user": 1, "content_type": 14, "object_id": "27", "object_repr": "Vase Quantity: 1", "action_flag": 3, "change_message": ""}}, {"model": "admin.logentry", "pk": 80, "fields": {"action_time": "2020-09-09T02:59:51.866Z", "user": 1, "content_type": 14, "object_id": "26", "object_repr": "Vase Quantity: 1", "action_flag": 3, "change_message": ""}}, {"model": "admin.logentry", "pk": 81, "fields": {"action_time": "2020-09-09T02:59:51.867Z", "user": 1, "content_type": 14, "object_id": "25", "object_repr": "Vase Quantity: 2", "action_flag": 3, "change_message": ""}}, {"model": "admin.logentry", "pk": 82, "fields": {"action_time": "2020-09-09T02:59:59.309Z", "user": 1, "content_type": 15, "object_id": "5", "object_repr": "npan's Cart: 0 Items", "action_flag": 3, "change_message": ""}}, {"model": "admin.logentry", "pk": 83, "fields": {"action_time": "2020-09-10T01:56:06.597Z", "user": 1, "content_type": 7, "object_id": "2", "object_repr": "testuser1", "action_flag": 2, "change_message": "[]"}}, {"model": "admin.logentry", "pk": 84, "fields": {"action_time": "2020-09-10T01:56:24.157Z", "user": 1, "content_type": 7, "object_id": "2", "object_repr": "testuser1", "action_flag": 2, "change_message": "[{\"changed\": {\"fields\": [\"password\"]}}]"}}, {"model": "admin.logentry", "pk": 85, "fields": {"action_time": "2020-09-10T02:22:12.971Z", "user": 1, "content_type": 14, "object_id": "30", "object_repr": "Vase Quantity: 3", "action_flag": 3, "change_message": ""}}, {"model": "admin.logentry", "pk": 86, "fields": {"action_time": "2020-09-10T02:22:12.972Z", "user": 1, "content_type": 14, "object_id": "29", "object_repr": "Vase Quantity: 5", "action_flag": 3, "change_message": ""}}, {"model": "admin.logentry", "pk": 87, "fields": {"action_time": "2020-09-10T02:22:31.767Z", "user": 1, "content_type": 15, "object_id": "6", "object_repr": "npan's Cart: 0 Items", "action_flag": 3, "change_message": ""}}, {"model": "admin.logentry", "pk": 88, "fields": {"action_time": "2020-09-10T02:23:02.638Z", "user": 1, "content_type": 14, "object_id": "31", "object_repr": "Vase Quantity: 2", "action_flag": 3, "change_message": ""}}, {"model": "admin.logentry", "pk": 89, "fields": {"action_time": "2020-09-11T01:20:42.588Z", "user": 1, "content_type": 13, "object_id": "2", "object_repr": "Keychain 19.99", "action_flag": 1, "change_message": "[{\"added\": {}}]"}}, {"model": "admin.logentry", "pk": 90, "fields": {"action_time": "2020-09-11T01:25:31.342Z", "user": 1, "content_type": 13, "object_id": "1", "object_repr": "Vase 9.99", "action_flag": 2, "change_message": "[{\"changed\": {\"fields\": [\"Price\"]}}]"}}, {"model": "admin.logentry", "pk": 91, "fields": {"action_time": "2020-09-13T16:40:04.595Z", "user": 1, "content_type": 15, "object_id": "8", "object_repr": "npan's Cart: 0 Items", "action_flag": 3, "change_message": ""}}, {"model": "admin.logentry", "pk": 92, "fields": {"action_time": "2020-09-13T16:40:36.672Z", "user": 1, "content_type": 16, "object_id": "4", "object_repr": "BillingAddress object (4)", "action_flag": 3, "change_message": ""}}, {"model": "admin.logentry", "pk": 93, "fields": {"action_time": "2020-09-13T16:40:36.673Z", "user": 1, "content_type": 16, "object_id": "3", "object_repr": "BillingAddress object (3)", "action_flag": 3, "change_message": ""}}, {"model": "admin.logentry", "pk": 94, "fields": {"action_time": "2020-09-13T16:40:36.674Z", "user": 1, "content_type": 16, "object_id": "2", "object_repr": "BillingAddress object (2)", "action_flag": 3, "change_message": ""}}, {"model": "admin.logentry", "pk": 95, "fields": {"action_time": "2020-09-13T16:40:36.675Z", "user": 1, "content_type": 16, "object_id": "1", "object_repr": "BillingAddress object (1)", "action_flag": 3, "change_message": ""}}, {"model": "store.cart", "pk": 7, "fields": {"user": 2, "contact": null, "ordered": false, "ordered_date": "2020-09-10T01:57:00.117Z", "billing_address": null, "shipping_address": null, "items": []}}, {"model": "store.cart", "pk": 9, "fields": {"user": 1, "contact": 38, "ordered": false, "ordered_date": "2020-09-14T23:54:59.203Z", "billing_address": 222, "shipping_address": 221, "items": [15]}}, {"model": "store.cartitem", "pk": 15, "fields": {"user": 1, "product": 2, "ordered": false, "quantity": 1}}, {"model": "users.profile", "pk": 1, "fields": {"user": 1, "image": "profile_pics/IMG_8548.jpg"}}, {"model": "users.profile", "pk": 2, "fields": {"user": 2, "image": "default.jpg"}}]